int,gamma,delta,theta,alpha,mu,v
-0.017414627,0.268310439,5.252729568,-0.363010378,19.02009702,1.493827363,1.073912626
-0.014487571,7.384851523,27.82410651,-8.665164359,35.76400819,-3.176982476,1.403557444
0.004024699,1.426908663,24.20974726,-1.048153005,22.64801867,0.722892264,1.561428368
0.010757136,-0.910913477,4.46373928,0.794837289,2.338870118,-11.54775927,10.54548438
0.011511222,0.897824228,21.83906127,-0.879236418,32.10289695,1.179365953,1.574590762
-0.004960492,1.271379958,21.83906127,-1.337345621,32.10289695,1.179365953,1.574590762
-0.004641639,6.397931486,27.82410651,-7.505001129,35.76400819,-3.176982476,1.403557444
-0.000288472,1.789734735,24.20974726,-1.384307151,22.64801867,0.722892264,1.561428368
0.002451965,5.835905513,27.82410651,-6.825880309,35.76400819,-3.176982476,1.403557444
-0.011698755,1.383045021,21.83906127,-1.484604299,32.10289695,1.179365953,1.574590762
-0.012488845,1.512330599,21.83906127,-1.660023461,32.10289695,1.179365953,1.574590762
-0.002800479,1.236129643,21.83906127,-1.296911814,32.10289695,1.179365953,1.574590762
-0.002268973,-1.094549219,4.46373928,0.949725793,2.338870118,-11.54775927,10.54548438
-0.006911916,1.168053207,21.83906127,-1.192571001,32.10289695,1.179365953,1.574590762
-0.011639341,1.335004829,21.83906127,-1.39853265,32.10289695,1.179365953,1.574590762
-0.002340535,0.994733205,21.83906127,-0.973257672,32.10289695,1.179365953,1.574590762
-0.007518762,1.767894874,24.20974726,-1.351015543,22.64801867,0.722892264,1.561428368
0.01347897,1.352672539,24.20974726,-1.014324742,22.64801867,0.722892264,1.561428368
0.002557025,1.10675573,21.83906127,-1.153419272,32.10289695,1.179365953,1.574590762
-0.001187693,1.707129409,24.20974726,-1.320916037,22.64801867,0.722892264,1.561428368
-0.007266054,1.387323159,21.83906127,-1.496728677,32.10289695,1.179365953,1.574590762
-0.003630451,1.339826092,21.83906127,-1.442372742,32.10289695,1.179365953,1.574590762
0.009097708,1.36659929,24.20974726,-1.022826111,22.64801867,0.722892264,1.561428368
0.007046683,1.465240405,24.20974726,-1.099479844,22.64801867,0.722892264,1.561428368
-0.011121469,-1.370010269,4.46373928,1.177593616,2.338870118,-11.54775927,10.54548438
0.009379505,10.13476557,22.33980395,-9.689060737,21.8596375,-3.605342016,1.583743082
-0.011044118,-0.995623709,4.46373928,0.88110531,2.338870118,-11.54775927,10.54548438
0.01375832,8.692760914,22.33980395,-8.270594409,21.8596375,-3.605342016,1.583743082
-0.011227285,1.38271566,21.83906127,-1.487604488,32.10289695,1.179365953,1.574590762
0.018306471,9.820834707,22.33980395,-9.401843356,21.8596375,-3.605342016,1.583743082
0.004519282,1.652987891,24.20974726,-1.273514148,22.64801867,0.722892264,1.561428368
0.011216744,-7.29526771,35.5383946,2.510886453,6.418583899,-2.377564874,8.415177314
0.012373831,-6.873011643,35.5383946,2.374001102,6.418583899,-2.377564874,8.415177314
0.009357831,1.461344209,24.20974726,-1.112392371,22.64801867,0.722892264,1.561428368
-0.013216069,-1.346646118,4.46373928,1.163200715,2.338870118,-11.54775927,10.54548438
-0.003414798,1.074374317,21.83906127,-1.072739053,32.10289695,1.179365953,1.574590762
0.010755559,1.200681039,24.20974726,-0.853897317,22.64801867,0.722892264,1.561428368
-0.006838484,1.636927049,24.20974726,-1.227409735,22.64801867,0.722892264,1.561428368
-0.00712018,1.297515289,21.83906127,-1.379350516,32.10289695,1.179365953,1.574590762
0.001125417,1.17707036,21.83906127,-1.238485979,32.10289695,1.179365953,1.574590762
-0.00732816,-1.269982204,4.46373928,1.094753253,2.338870118,-11.54775927,10.54548438
-0.0042441,1.844490153,24.20974726,-1.423059539,22.64801867,0.722892264,1.561428368
0.01544555,1.209754576,24.20974726,-0.88484176,22.64801867,0.722892264,1.561428368
-0.01437791,1.385594519,21.83906127,-1.481398406,32.10289695,1.179365953,1.574590762
0.00068481,1.039890229,21.83906127,-1.024117912,32.10289695,1.179365953,1.574590762
-0.010472901,1.209592553,21.83906127,-1.247427328,32.10289695,1.179365953,1.574590762
-0.000423625,6.339098538,27.82410651,-7.428697658,35.76400819,-3.176982476,1.403557444
-0.00483884,1.301706202,21.83906127,-1.400383259,32.10289695,1.179365953,1.574590762
-0.010027479,1.424947261,21.83906127,-1.540891259,32.10289695,1.179365953,1.574590762
-0.002003735,1.235876326,21.83906127,-1.316111345,32.10289695,1.179365953,1.574590762
0.006662084,1.129738444,21.83906127,-1.207422864,32.10289695,1.179365953,1.574590762
0.000117988,6.783523855,27.82410651,-7.980935226,35.76400819,-3.176982476,1.403557444
0.002898819,-1.144676676,4.46373928,0.986993886,2.338870118,-11.54775927,10.54548438
-0.013900465,1.33543019,21.83906127,-1.418818241,32.10289695,1.179365953,1.574590762
-0.005968783,1.155870895,21.83906127,-1.199079079,32.10289695,1.179365953,1.574590762
0.00365771,1.448540587,24.20974726,-1.086100694,22.64801867,0.722892264,1.561428368
0.001075591,-0.882201133,4.46373928,0.779735932,2.338870118,-11.54775927,10.54548438
-0.001494616,1.192834596,21.83906127,-1.247623262,32.10289695,1.179365953,1.574590762
-0.011777158,-1.340214513,4.46373928,1.150837677,2.338870118,-11.54775927,10.54548438
0.003548679,6.722468291,27.82410651,-7.925912673,35.76400819,-3.176982476,1.403557444
0.010257908,11.87326252,22.33980395,-11.38765977,21.8596375,-3.605342016,1.583743082
0.001073041,1.245344399,21.83906127,-1.343065553,32.10289695,1.179365953,1.574590762
-0.007286226,7.756058455,27.82410651,-9.164827945,35.76400819,-3.176982476,1.403557444
0.007975696,1.170908672,24.20974726,-0.827494835,22.64801867,0.722892264,1.561428368
0.012084965,8.412232771,22.33980395,-7.990161758,21.8596375,-3.605342016,1.583743082
0.001843441,-1.224540673,4.46373928,1.052759704,2.338870118,-11.54775927,10.54548438
-0.009376241,1.258100806,21.83906127,-1.293288142,32.10289695,1.179365953,1.574590762
0.002269331,1.483414326,24.20974726,-1.097341188,22.64801867,0.722892264,1.561428368
-0.003676435,-1.261767552,4.46373928,1.087248475,2.338870118,-11.54775927,10.54548438
-0.002585979,1.173513923,21.83906127,-1.206106424,32.10289695,1.179365953,1.574590762
0.001141185,6.238001619,27.82410651,-7.310273262,35.76400819,-3.176982476,1.403557444
-0.003723881,-1.434080862,4.46373928,1.222203381,2.338870118,-11.54775927,10.54548438
-0.001972043,1.65444153,24.20974726,-1.252421778,22.64801867,0.722892264,1.561428368
0.005288199,10.75013451,22.33980395,-10.28278754,21.8596375,-3.605342016,1.583743082
-0.012563088,1.196504901,21.83906127,-1.20598864,32.10289695,1.179365953,1.574590762
0.000845075,0.99076258,21.83906127,-0.966016776,32.10289695,1.179365953,1.574590762
0.003590947,1.530308474,24.20974726,-1.153641648,22.64801867,0.722892264,1.561428368
-0.010641956,1.258486039,21.83906127,-1.300482428,32.10289695,1.179365953,1.574590762
-0.012510148,-1.414926927,4.46373928,1.213912905,2.338870118,-11.54775927,10.54548438
0.003383477,0.09434762,4.599848934,-0.259722014,44.72868634,15.01396387,0.903234339
0.01280155,10.69655217,22.33980395,-10.23288018,21.8596375,-3.605342016,1.583743082
-0.010737406,1.049514256,21.83906127,-1.011307466,32.10289695,1.179365953,1.574590762
0.019977772,11.08107039,22.33980395,-10.64072482,21.8596375,-3.605342016,1.583743082
0.006700666,1.578257936,24.20974726,-1.227619117,22.64801867,0.722892264,1.561428368
-0.002638033,1.198211314,21.83906127,-1.254598137,32.10289695,1.179365953,1.574590762
0.000474434,1.115266505,21.83906127,-1.144800345,32.10289695,1.179365953,1.574590762
0.017138092,8.846774943,22.33980395,-8.427700434,21.8596375,-3.605342016,1.583743082
-0.005312014,7.17426808,27.82410651,-8.446321687,35.76400819,-3.176982476,1.403557444
0.017690799,9.088136238,22.33980395,-8.670824362,21.8596375,-3.605342016,1.583743082
0.001378014,-1.070317041,4.46373928,0.929131355,2.338870118,-11.54775927,10.54548438
0.004112819,1.414377653,24.20974726,-1.045162629,22.64801867,0.722892264,1.561428368
0.006950508,13.48153482,22.33980395,-12.95163803,21.8596375,-3.605342016,1.583743082
0.008899778,1.248031989,24.20974726,-0.903413504,22.64801867,0.722892264,1.561428368
-0.006422976,1.100280044,21.83906127,-1.094959772,32.10289695,1.179365953,1.574590762
-0.003533885,6.264792562,27.82410651,-7.311732312,35.76400819,-3.176982476,1.403557444
-0.010443643,0.384675595,11.90742305,-0.445575145,35.25117226,3.679976821,0.799427639
0.003825909,0.838681632,21.83906127,-0.774587323,32.10289695,1.179365953,1.574590762
-0.01543126,1.468320379,21.83906127,-1.582479785,32.10289695,1.179365953,1.574590762
-0.004960002,1.305739297,21.83906127,-1.390985594,32.10289695,1.179365953,1.574590762
-0.004743099,0.350182466,11.90742305,-0.36567535,35.25117226,3.679976821,0.799427639
-0.005727524,1.944948014,24.20974726,-1.510263757,22.64801867,0.722892264,1.561428368
0.001884131,1.495139131,24.20974726,-1.128185237,22.64801867,0.722892264,1.561428368
-0.008568065,0.254521877,5.252729568,-0.356027208,19.02009702,1.493827363,1.073912626
0.002812771,5.819382441,27.82410651,-6.797592984,35.76400819,-3.176982476,1.403557444
-0.00531689,1.497096817,24.20974726,-1.098124979,22.64801867,0.722892264,1.561428368
-0.000561842,1.133619919,21.83906127,-1.172174838,32.10289695,1.179365953,1.574590762
-0.004022779,1.683889226,24.20974726,-1.281502338,22.64801867,0.722892264,1.561428368
0.022063452,2.531412986,29.22419808,-1.796719325,22.9754458,0.00669561,0.952785826
0.016783101,0.736622144,21.83906127,-0.652137657,32.10289695,1.179365953,1.574590762
0.002042096,1.76985889,24.20974726,-1.374001012,22.64801867,0.722892264,1.561428368
0.002726254,1.009410475,21.83906127,-1.006948089,32.10289695,1.179365953,1.574590762
-0.009881584,6.360415224,27.82410651,-7.407782424,35.76400819,-3.176982476,1.403557444
-0.002824572,1.137116479,21.83906127,-1.181450791,32.10289695,1.179365953,1.574590762
-0.01328915,0.264001759,5.252729568,-0.361026053,19.02009702,1.493827363,1.073912626
0.001302962,-1.325129149,4.46373928,1.13089647,2.338870118,-11.54775927,10.54548438
0.003089203,-1.069172069,4.46373928,0.926370236,2.338870118,-11.54775927,10.54548438
0.002190984,0.928146026,21.83906127,-0.886264948,32.10289695,1.179365953,1.574590762
0.00731492,-0.702851819,4.46373928,0.629265971,2.338870118,-11.54775927,10.54548438
0.003404809,0.099955475,4.599848934,-0.285910695,44.72868634,15.01396387,0.903234339
-0.00346228,0.956197149,21.83906127,-0.923127477,32.10289695,1.179365953,1.574590762
-0.002760078,1.645611014,24.20974726,-1.243691749,22.64801867,0.722892264,1.561428368
-0.003322607,1.10552801,21.83906127,-1.130403298,32.10289695,1.179365953,1.574590762
-0.011816165,1.404150957,21.83906127,-1.490150597,32.10289695,1.179365953,1.574590762
-0.002233526,1.030836349,21.83906127,-1.020566966,32.10289695,1.179365953,1.574590762
-0.004646484,1.133970895,21.83906127,-1.171056936,32.10289695,1.179365953,1.574590762
-0.001302541,1.631718308,24.20974726,-1.237550501,22.64801867,0.722892264,1.561428368
0.003294089,6.728192382,27.82410651,-7.941191428,35.76400819,-3.176982476,1.403557444
0.011709804,0.981668143,21.83906127,-1.006386246,32.10289695,1.179365953,1.574590762
0.005857431,1.271686471,24.20974726,-0.917174249,22.64801867,0.722892264,1.561428368
0.003400587,1.680259069,24.20974726,-1.300304382,22.64801867,0.722892264,1.561428368
-0.009929362,1.209898031,21.83906127,-1.25255534,32.10289695,1.179365953,1.574590762
-0.00843877,0.350392695,11.90742305,-0.380598648,35.25117226,3.679976821,0.799427639
0.001469875,1.470939481,24.20974726,-1.092737318,22.64801867,0.722892264,1.561428368
-0.016320723,-1.079363416,4.46373928,0.949325916,2.338870118,-11.54775927,10.54548438
-0.003077218,-0.930040248,4.46373928,0.821760009,2.338870118,-11.54775927,10.54548438
0.00335134,0.101451814,4.599848934,-0.291478736,44.72868634,15.01396387,0.903234339
0.007421648,0.955731758,21.83906127,-0.963331326,32.10289695,1.179365953,1.574590762
0.017422589,-8.253443546,35.5383946,2.809620783,6.418583899,-2.377564874,8.415177314
0.008513918,1.259121758,24.20974726,-0.921483702,22.64801867,0.722892264,1.561428368
0.014880489,8.102749138,22.33980395,-7.710677438,21.8596375,-3.605342016,1.583743082
0.003166635,0.917744921,21.83906127,-0.864553115,32.10289695,1.179365953,1.574590762
-0.00051981,1.922359823,24.20974726,-1.511234101,22.64801867,0.722892264,1.561428368
-0.013648832,0.429731342,11.90742305,-0.561109276,35.25117226,3.679976821,0.799427639
0.005711158,1.377522431,24.20974726,-1.014849571,22.64801867,0.722892264,1.561428368
-0.006897548,1.790952021,24.20974726,-1.358057996,22.64801867,0.722892264,1.561428368
0.001831156,1.022456684,21.83906127,-1.031330011,32.10289695,1.179365953,1.574590762
0.005488704,0.313317654,11.90742305,-0.342301763,35.25117226,3.679976821,0.799427639
-0.011396264,6.72910694,27.82410651,-7.874850312,35.76400819,-3.176982476,1.403557444
-0.008541356,7.340486637,27.82410651,-8.654045836,35.76400819,-3.176982476,1.403557444
-0.001344054,1.726779348,24.20974726,-1.313087211,22.64801867,0.722892264,1.561428368
0.00500182,0.304387655,11.90742305,-0.322605234,35.25117226,3.679976821,0.799427639
-0.001433696,-1.22885458,4.46373928,1.059669497,2.338870118,-11.54775927,10.54548438
0.010002227,11.9137859,22.33980395,-11.41900756,21.8596375,-3.605342016,1.583743082
-0.018397041,-1.498644644,4.46373928,1.287474935,2.338870118,-11.54775927,10.54548438
-0.013085446,1.404068209,21.83906127,-1.487062858,32.10289695,1.179365953,1.574590762
-0.007375221,2.131281618,24.20974726,-1.709386473,22.64801867,0.722892264,1.561428368
0.012610578,1.476201046,24.20974726,-1.114742828,22.64801867,0.722892264,1.561428368
-0.006305174,1.21344057,21.83906127,-1.268151359,32.10289695,1.179365953,1.574590762
0.002730386,-1.056402853,4.46373928,0.920754616,2.338870118,-11.54775927,10.54548438
-0.002698089,7.164590794,27.82410651,-8.436411751,35.76400819,-3.176982476,1.403557444
-0.010217129,1.915598582,24.20974726,-1.465964264,22.64801867,0.722892264,1.561428368
0.01420982,1.332946719,24.20974726,-0.983672103,22.64801867,0.722892264,1.561428368
0.00754541,-0.976685909,4.46373928,0.84917852,2.338870118,-11.54775927,10.54548438
0.010499119,0.775344197,21.83906127,-0.707201882,32.10289695,1.179365953,1.574590762
-0.005958425,1.051879681,21.83906127,-1.022572514,32.10289695,1.179365953,1.574590762
0.001271594,1.076460203,21.83906127,-1.109222474,32.10289695,1.179365953,1.574590762
-0.001115945,1.235258465,21.83906127,-1.316697482,32.10289695,1.179365953,1.574590762
-0.004594735,1.152977592,21.83906127,-1.188287978,32.10289695,1.179365953,1.574590762
0.000107078,0.996694618,21.83906127,-0.990072756,32.10289695,1.179365953,1.574590762
0.002281189,1.476565594,24.20974726,-1.092357913,22.64801867,0.722892264,1.561428368
0.012890244,8.863195302,22.33980395,-8.437986556,21.8596375,-3.605342016,1.583743082
-0.003383927,1.770391381,24.20974726,-1.349545341,22.64801867,0.722892264,1.561428368
-0.00739951,1.126508539,21.83906127,-1.140303866,32.10289695,1.179365953,1.574590762
-0.007649506,1.215624993,21.83906127,-1.255173239,32.10289695,1.179365953,1.574590762
-0.002923065,-0.951502357,4.46373928,0.837897263,2.338870118,-11.54775927,10.54548438
-0.00419653,-0.947220133,4.46373928,0.834732041,2.338870118,-11.54775927,10.54548438
-0.00939388,1.293818054,21.83906127,-1.348135458,32.10289695,1.179365953,1.574590762
-0.013468805,1.301451907,21.83906127,-1.355868996,32.10289695,1.179365953,1.574590762
-0.008033083,1.845249762,24.20974726,-1.420276269,22.64801867,0.722892264,1.561428368
-0.006826928,1.760558975,24.20974726,-1.342214566,22.64801867,0.722892264,1.561428368
0.004134012,1.301590899,24.20974726,-0.943035648,22.64801867,0.722892264,1.561428368
0.017229183,13.1272021,22.33980395,-12.64612424,21.8596375,-3.605342016,1.583743082
-0.001095404,0.992620844,21.83906127,-0.979923192,32.10289695,1.179365953,1.574590762
0.006693973,1.035339394,21.83906127,-1.058141603,32.10289695,1.179365953,1.574590762
0.02430871,6.316585677,22.33980395,-5.971180601,21.8596375,-3.605342016,1.583743082
-0.012950178,-1.442413021,4.46373928,1.235110944,2.338870118,-11.54775927,10.54548438
-0.002265841,1.866978999,24.20974726,-1.446113423,22.64801867,0.722892264,1.561428368
0.006735371,0.796472961,21.83906127,-0.741921859,32.10289695,1.179365953,1.574590762
0.005871854,9.554234996,22.33980395,-9.111625726,21.8596375,-3.605342016,1.583743082
0.000224414,1.391036989,24.20974726,-1.004821195,22.64801867,0.722892264,1.561428368
0.006942582,0.734459893,21.83906127,-0.641492032,32.10289695,1.179365953,1.574590762
0.007479653,1.45478629,24.20974726,-1.106977658,22.64801867,0.722892264,1.561428368
0.002242742,-0.811471149,4.46373928,0.721400962,2.338870118,-11.54775927,10.54548438
-2.76E-05,0.916255076,21.83906127,-0.862122686,32.10289695,1.179365953,1.574590762
-0.008312438,1.308863466,21.83906127,-1.372915713,32.10289695,1.179365953,1.574590762
-0.000941912,1.129624673,21.83906127,-1.15213978,32.10289695,1.179365953,1.574590762
-0.013176144,-1.336479262,4.46373928,1.151519837,2.338870118,-11.54775927,10.54548438
-0.003033648,-1.150406461,4.46373928,0.996403551,2.338870118,-11.54775927,10.54548438
0.003076719,6.39638545,27.82410651,-7.513187617,35.76400819,-3.176982476,1.403557444
-0.011128472,-1.34938206,4.46373928,1.161515823,2.338870118,-11.54775927,10.54548438
0.005258972,0.981572948,21.83906127,-0.980640177,32.10289695,1.179365953,1.574590762
0.001465341,1.612678678,24.20974726,-1.214761091,22.64801867,0.722892264,1.561428368
-0.010394293,1.253374152,21.83906127,-1.293822923,32.10289695,1.179365953,1.574590762
0.005208779,0.09902462,4.599848934,-0.272397048,44.72868634,15.01396387,0.903234339
-0.002614157,-1.2281638,4.46373928,1.057390907,2.338870118,-11.54775927,10.54548438
-0.00132648,1.240706653,21.83906127,-1.30910088,32.10289695,1.179365953,1.574590762
0.007979483,1.576730799,24.20974726,-1.212580658,22.64801867,0.722892264,1.561428368
0.001881864,1.351754481,24.20974726,-0.981424297,22.64801867,0.722892264,1.561428368
-0.009741268,0.244206192,5.252729568,-0.320343512,19.02009702,1.493827363,1.073912626
-0.00117479,1.244653194,21.83906127,-1.332734926,32.10289695,1.179365953,1.574590762
-0.012775594,1.149339766,21.83906127,-1.167099785,32.10289695,1.179365953,1.574590762
0.01657235,-7.429503229,35.5383946,2.543365486,6.418583899,-2.377564874,8.415177314
-0.014622391,-1.182094651,4.46373928,1.027046527,2.338870118,-11.54775927,10.54548438
0.003722097,1.462620377,24.20974726,-1.081812444,22.64801867,0.722892264,1.561428368
-0.002873822,1.207488582,21.83906127,-1.272760376,32.10289695,1.179365953,1.574590762
-0.000730189,1.356967279,24.20974726,-0.977593633,22.64801867,0.722892264,1.561428368
0.009815951,1.184808357,24.20974726,-0.851253732,22.64801867,0.722892264,1.561428368
-0.001477951,0.983920102,21.83906127,-0.950346568,32.10289695,1.179365953,1.574590762
-0.003600808,1.121557397,21.83906127,-1.14451643,32.10289695,1.179365953,1.574590762
0.008502127,9.202142949,22.33980395,-8.777914189,21.8596375,-3.605342016,1.583743082
-0.002706895,-0.79050785,4.46373928,0.708483954,2.338870118,-11.54775927,10.54548438
0.000548612,1.064884518,21.83906127,-1.069492304,32.10289695,1.179365953,1.574590762
-0.001352016,7.548011882,27.82410651,-8.928088075,35.76400819,-3.176982476,1.403557444
0.002413361,1.47392086,24.20974726,-1.098449959,22.64801867,0.722892264,1.561428368
0.003390404,-0.6418463,4.46373928,0.586132776,2.338870118,-11.54775927,10.54548438
-0.005348981,1.479548357,24.20974726,-1.088835892,22.64801867,0.722892264,1.561428368
-0.004562115,1.19898954,21.83906127,-1.248968499,32.10289695,1.179365953,1.574590762
-0.013734159,-1.227065446,4.46373928,1.065569065,2.338870118,-11.54775927,10.54548438
0.006352295,0.78504472,21.83906127,-0.696087393,32.10289695,1.179365953,1.574590762
-0.011760853,-1.276399031,4.46373928,1.103775689,2.338870118,-11.54775927,10.54548438
-0.000101695,-1.101797459,4.46373928,0.958340453,2.338870118,-11.54775927,10.54548438
0.0040383,0.355198576,11.90742305,-0.440382221,35.25117226,3.679976821,0.799427639
-0.00644257,1.657423891,24.20974726,-1.253563466,22.64801867,0.722892264,1.561428368
0.00925355,14.40594223,22.33980395,-13.8731542,21.8596375,-3.605342016,1.583743082
0.001047268,1.466005056,24.20974726,-1.086664731,22.64801867,0.722892264,1.561428368
-0.000184117,1.139015786,21.83906127,-1.176560916,32.10289695,1.179365953,1.574590762
0.001471799,0.938137543,21.83906127,-0.904983656,32.10289695,1.179365953,1.574590762
-0.001608481,1.186537533,21.83906127,-1.265025849,32.10289695,1.179365953,1.574590762
0.006785641,1.514487079,24.20974726,-1.162645943,22.64801867,0.722892264,1.561428368
0.000971551,7.439106921,27.82410651,-8.828567864,35.76400819,-3.176982476,1.403557444
-0.001108854,1.804912275,24.20974726,-1.400836053,22.64801867,0.722892264,1.561428368
-0.008716034,-1.485037234,4.46373928,1.269163038,2.338870118,-11.54775927,10.54548438
0.002294378,-1.003861753,4.46373928,0.876733569,2.338870118,-11.54775927,10.54548438
-0.013498104,1.370710939,21.83906127,-1.444743519,32.10289695,1.179365953,1.574590762
0.000635097,6.12512504,27.82410651,-7.167183675,35.76400819,-3.176982476,1.403557444
-0.007011303,0.260592944,5.252729568,-0.373689037,19.02009702,1.493827363,1.073912626
0.007919934,1.339019626,24.20974726,-0.978780584,22.64801867,0.722892264,1.561428368
-0.002643904,1.208913407,21.83906127,-1.264247163,32.10289695,1.179365953,1.574590762
0.004099067,0.102159638,4.599848934,-0.262808876,44.72868634,15.01396387,0.903234339
-0.000830634,-1.011486854,4.46373928,0.883274382,2.338870118,-11.54775927,10.54548438
0.001362244,1.432501483,24.20974726,-1.049699294,22.64801867,0.722892264,1.561428368
0.009244334,1.393523481,24.20974726,-1.040499554,22.64801867,0.722892264,1.561428368
-0.011795393,1.217801942,21.83906127,-1.247617091,32.10289695,1.179365953,1.574590762
0.003752309,1.159989061,21.83906127,-1.22210162,32.10289695,1.179365953,1.574590762
-0.001574383,13.31402306,22.33980395,-12.78120552,21.8596375,-3.605342016,1.583743082
-0.002772563,6.791651635,27.82410651,-7.979123342,35.76400819,-3.176982476,1.403557444
-0.002911287,1.576031334,24.20974726,-1.170373707,22.64801867,0.722892264,1.561428368
-0.005145534,1.380971719,21.83906127,-1.491236027,32.10289695,1.179365953,1.574590762
0.011719253,1.123650643,24.20974726,-0.799051329,22.64801867,0.722892264,1.561428368
-0.011138183,-1.416605498,4.46373928,1.216567627,2.338870118,-11.54775927,10.54548438
-0.003087379,13.44871055,22.33980395,-12.88914061,21.8596375,-3.605342016,1.583743082
-0.004693641,-1.295477314,4.46373928,1.114640645,2.338870118,-11.54775927,10.54548438
0.001617936,15.18967923,22.33980395,-14.60616543,21.8596375,-3.605342016,1.583743082
-0.001078095,0.37573141,11.90742305,-0.452506384,35.25117226,3.679976821,0.799427639
-0.006034056,1.224385711,21.83906127,-1.269544551,32.10289695,1.179365953,1.574590762
0.001627216,-1.370807898,4.46373928,1.169649511,2.338870118,-11.54775927,10.54548438
-0.008270688,6.658611976,27.82410651,-7.803913062,35.76400819,-3.176982476,1.403557444
-0.009173384,-1.331929668,4.46373928,1.146543284,2.338870118,-11.54775927,10.54548438
0.006957691,0.98602394,21.83906127,-0.990776768,32.10289695,1.179365953,1.574590762
-0.001387809,-0.856420367,4.46373928,0.760404763,2.338870118,-11.54775927,10.54548438
-0.009980102,0.425195917,11.90742305,-0.54912737,35.25117226,3.679976821,0.799427639
0.012102616,-0.956896145,4.46373928,0.831751217,2.338870118,-11.54775927,10.54548438
0.011401923,1.235235888,24.20974726,-0.893497798,22.64801867,0.722892264,1.561428368
-0.007260032,1.141209803,21.83906127,-1.135549466,32.10289695,1.179365953,1.574590762
-0.009112218,1.291793206,21.83906127,-1.36067415,32.10289695,1.179365953,1.574590762
-0.004736864,-1.221804892,4.46373928,1.055715964,2.338870118,-11.54775927,10.54548438
0.010875959,1.13024675,21.83906127,-1.187478343,32.10289695,1.179365953,1.574590762
-0.006182848,6.58263162,27.82410651,-7.685104591,35.76400819,-3.176982476,1.403557444
0.00045315,1.827600595,24.20974726,-1.444286766,22.64801867,0.722892264,1.561428368
0.006310948,1.014060018,21.83906127,-1.029352175,32.10289695,1.179365953,1.574590762
-0.001686717,1.139244165,21.83906127,-1.192695531,32.10289695,1.179365953,1.574590762
-0.017131396,1.504991632,21.83906127,-1.612900775,32.10289695,1.179365953,1.574590762
0.004677216,10.4373647,22.33980395,-9.968504341,21.8596375,-3.605342016,1.583743082
-0.00995322,7.963245782,27.82410651,-9.42366192,35.76400819,-3.176982476,1.403557444
-0.008075124,1.311306083,21.83906127,-1.386021049,32.10289695,1.179365953,1.574590762
-0.020314657,1.556744587,21.83906127,-1.698041919,32.10289695,1.179365953,1.574590762
0.008072745,5.161675836,27.82410651,-6.004433201,35.76400819,-3.176982476,1.403557444
-0.005363392,-1.325637276,4.46373928,1.140863376,2.338870118,-11.54775927,10.54548438
-0.00356005,1.642153999,24.20974726,-1.237045643,22.64801867,0.722892264,1.561428368
-0.00896538,-0.863904552,4.46373928,0.773332726,2.338870118,-11.54775927,10.54548438
-0.004643785,1.106800847,21.83906127,-1.1269923,32.10289695,1.179365953,1.574590762
0.013429893,1.21116046,24.20974726,-0.880108962,22.64801867,0.722892264,1.561428368
-0.007406798,0.395570982,11.90742305,-0.495505109,35.25117226,3.679976821,0.799427639
-0.011255905,-1.465012652,4.46373928,1.2552064,2.338870118,-11.54775927,10.54548438
-0.012657919,-1.309421382,4.46373928,1.130772568,2.338870118,-11.54775927,10.54548438
0.003199468,0.954255488,21.83906127,-0.910715645,32.10289695,1.179365953,1.574590762
-0.001187768,10.06322117,22.33980395,-9.585541154,21.8596375,-3.605342016,1.583743082
0.007690593,0.341822073,11.90742305,-0.422139722,35.25117226,3.679976821,0.799427639
0.017084188,0.274170788,11.90742305,-0.282814618,35.25117226,3.679976821,0.799427639
0.004567678,1.56663199,24.20974726,-1.202753053,22.64801867,0.722892264,1.561428368
-0.010189874,1.154398109,21.83906127,-1.151882448,32.10289695,1.179365953,1.574590762
0.002291956,0.320984601,11.90742305,-0.341587294,35.25117226,3.679976821,0.799427639
0.012681352,1.428027232,24.20974726,-1.080009532,22.64801867,0.722892264,1.561428368
-0.000209174,1.097454517,21.83906127,-1.118913343,32.10289695,1.179365953,1.574590762
0.001954301,0.957087546,21.83906127,-0.921737335,32.10289695,1.179365953,1.574590762
9.98E-05,1.117931449,21.83906127,-1.146944451,32.10289695,1.179365953,1.574590762
-0.004911598,1.229073965,21.83906127,-1.279136935,32.10289695,1.179365953,1.574590762
-0.00037753,0.105576498,4.599848934,-0.32326506,44.72868634,15.01396387,0.903234339
0.004257881,1.889665002,24.20974726,-1.493800356,22.64801867,0.722892264,1.561428368
-0.002985046,0.397636219,11.90742305,-0.51325325,35.25117226,3.679976821,0.799427639
0.002646421,11.41056411,22.33980395,-10.90638471,21.8596375,-3.605342016,1.583743082
-0.003532216,1.758368086,24.20974726,-1.340519818,22.64801867,0.722892264,1.561428368
-0.00315763,-1.370382873,4.46373928,1.173985634,2.338870118,-11.54775927,10.54548438
1.69E-05,-1.222737433,4.46373928,1.053310094,2.338870118,-11.54775927,10.54548438
0.006150867,0.331173985,11.90742305,-0.373487548,35.25117226,3.679976821,0.799427639
-0.001353556,0.104904264,4.599848934,-0.295673351,44.72868634,15.01396387,0.903234339
-0.011661256,1.346140933,21.83906127,-1.404335013,32.10289695,1.179365953,1.574590762
0.006455005,0.339342017,11.90742305,-0.401423429,35.25117226,3.679976821,0.799427639
0.000185545,1.119077299,21.83906127,-1.17337889,32.10289695,1.179365953,1.574590762
0.007020168,1.409302296,24.20974726,-1.057786353,22.64801867,0.722892264,1.561428368
-0.002674142,1.282890878,21.83906127,-1.377156415,32.10289695,1.179365953,1.574590762
-0.001671761,1.1138321,21.83906127,-1.142872443,32.10289695,1.179365953,1.574590762
-0.002122359,0.896692047,21.83906127,-0.83737928,32.10289695,1.179365953,1.574590762
0.010772646,1.37414838,24.20974726,-1.021754586,22.64801867,0.722892264,1.561428368
-0.000743633,1.157492586,21.83906127,-1.19895561,32.10289695,1.179365953,1.574590762
-0.002644141,1.106608185,21.83906127,-1.091827945,32.10289695,1.179365953,1.574590762
0.002978009,1.53980484,24.20974726,-1.140760169,22.64801867,0.722892264,1.561428368
-0.00915122,-1.301011836,4.46373928,1.123572629,2.338870118,-11.54775927,10.54548438
-0.006428997,1.129477334,21.83906127,-1.145296183,32.10289695,1.179365953,1.574590762
-0.001691665,1.11188626,21.83906127,-1.10259694,32.10289695,1.179365953,1.574590762
-0.013965253,0.262800537,5.252729568,-0.36242438,19.02009702,1.493827363,1.073912626
0.004953459,-0.841661923,4.46373928,0.74443793,2.338870118,-11.54775927,10.54548438
-0.017499888,1.321868749,21.83906127,-1.346768269,32.10289695,1.179365953,1.574590762
-0.010339204,1.277853175,21.83906127,-1.323086339,32.10289695,1.179365953,1.574590762
0.003991455,1.250315438,24.20974726,-0.895318631,22.64801867,0.722892264,1.561428368
-0.003138031,0.378623591,11.90742305,-0.483007245,35.25117226,3.679976821,0.799427639
-0.009429523,1.208821085,21.83906127,-1.212245015,32.10289695,1.179365953,1.574590762
-0.007643153,1.292648574,21.83906127,-1.383823887,32.10289695,1.179365953,1.574590762
-0.007640894,-0.966735607,4.46373928,0.851686921,2.338870118,-11.54775927,10.54548438
0.0024902,0.277341045,11.90742305,-0.234964581,35.25117226,3.679976821,0.799427639
0.00504925,13.35502986,22.33980395,-12.82896441,21.8596375,-3.605342016,1.583743082
1.22E-05,-1.059839075,4.46373928,0.922166201,2.338870118,-11.54775927,10.54548438
0.006601771,13.76648649,22.33980395,-13.23643675,21.8596375,-3.605342016,1.583743082
0.004474873,1.065668927,21.83906127,-1.091690559,32.10289695,1.179365953,1.574590762
-0.006270945,0.378941951,11.90742305,-0.439835104,35.25117226,3.679976821,0.799427639
-0.00580712,1.155608949,21.83906127,-1.177271192,32.10289695,1.179365953,1.574590762
0.009665055,1.029589708,21.83906127,-1.082520053,32.10289695,1.179365953,1.574590762
0.006329919,1.103892942,21.83906127,-1.147796758,32.10289695,1.179365953,1.574590762
0.009853641,0.888877329,21.83906127,-0.840327822,32.10289695,1.179365953,1.574590762
-0.004102554,7.003723418,27.82410651,-8.235250323,35.76400819,-3.176982476,1.403557444
-0.002538972,1.15982997,21.83906127,-1.188918574,32.10289695,1.179365953,1.574590762
-0.003841966,0.925849111,21.83906127,-0.867383484,32.10289695,1.179365953,1.574590762
-0.007522076,1.435849745,21.83906127,-1.566147699,32.10289695,1.179365953,1.574590762
0.012079036,1.195377324,24.20974726,-0.848450954,22.64801867,0.722892264,1.561428368
0.012220672,11.7435115,22.33980395,-11.25891115,21.8596375,-3.605342016,1.583743082
-0.007516711,1.041698376,21.83906127,-1.015799702,32.10289695,1.179365953,1.574590762
-0.012749355,1.262722255,21.83906127,-1.315714598,32.10289695,1.179365953,1.574590762
-0.009802354,1.820277349,24.20974726,-1.393596423,22.64801867,0.722892264,1.561428368
-0.001096194,1.007215009,21.83906127,-0.972597614,32.10289695,1.179365953,1.574590762
0.015994239,0.962191646,21.83906127,-0.989402681,32.10289695,1.179365953,1.574590762
-0.011017017,1.993327221,24.20974726,-1.537845333,22.64801867,0.722892264,1.561428368
0.013988122,-0.70021699,4.46373928,0.623578065,2.338870118,-11.54775927,10.54548438
-0.013464677,1.428201432,21.83906127,-1.545108839,32.10289695,1.179365953,1.574590762
0.002121418,1.161946624,21.83906127,-1.234815433,32.10289695,1.179365953,1.574590762
-0.008053683,1.795520922,24.20974726,-1.372865899,22.64801867,0.722892264,1.561428368
-0.010195505,1.343202228,21.83906127,-1.430574736,32.10289695,1.179365953,1.574590762
0.011308731,9.790770216,22.33980395,-9.344653724,21.8596375,-3.605342016,1.583743082
7.95E-05,1.083847619,21.83906127,-1.119010547,32.10289695,1.179365953,1.574590762
0.004192531,-1.120790803,4.46373928,0.967707355,2.338870118,-11.54775927,10.54548438
0.009778448,1.292058291,24.20974726,-0.945644403,22.64801867,0.722892264,1.561428368
-0.002425734,1.238966583,21.83906127,-1.30437256,32.10289695,1.179365953,1.574590762
-0.005311209,-1.458140125,4.46373928,1.244048055,2.338870118,-11.54775927,10.54548438
-0.011372901,-1.65315077,4.46373928,1.400076389,2.338870118,-11.54775927,10.54548438
-0.004402223,1.197509089,21.83906127,-1.24769551,32.10289695,1.179365953,1.574590762
0.015267163,-0.794923699,4.46373928,0.698040557,2.338870118,-11.54775927,10.54548438
0.011222316,1.315687335,24.20974726,-0.972807103,22.64801867,0.722892264,1.561428368
-0.002318401,-1.199452882,4.46373928,1.03561834,2.338870118,-11.54775927,10.54548438
0.00831783,12.92880564,22.33980395,-12.40451634,21.8596375,-3.605342016,1.583743082
-0.004294266,1.28882235,21.83906127,-1.360468187,32.10289695,1.179365953,1.574590762
0.007184387,1.132274281,24.20974726,-0.796796984,22.64801867,0.722892264,1.561428368
-0.006876328,1.085467,21.83906127,-1.075558823,32.10289695,1.179365953,1.574590762
-0.005857801,1.26332318,21.83906127,-1.316459518,32.10289695,1.179365953,1.574590762
0.012032363,1.229724574,24.20974726,-0.893353209,22.64801867,0.722892264,1.561428368
-0.002829547,1.324555683,21.83906127,-1.407889253,32.10289695,1.179365953,1.574590762
-0.001821316,1.20707881,21.83906127,-1.265629507,32.10289695,1.179365953,1.574590762
0.013256315,0.79892658,21.83906127,-0.744020418,32.10289695,1.179365953,1.574590762
-0.005180155,1.688221167,24.20974726,-1.265807063,22.64801867,0.722892264,1.561428368
-0.004060067,1.537299667,24.20974726,-1.137966947,22.64801867,0.722892264,1.561428368
-0.000935041,1.063355404,21.83906127,-1.056820345,32.10289695,1.179365953,1.574590762
0.007787364,1.345353256,24.20974726,-0.991330502,22.64801867,0.722892264,1.561428368
0.004511331,5.601019886,27.82410651,-6.563420907,35.76400819,-3.176982476,1.403557444
0.000585579,1.544854402,24.20974726,-1.156175186,22.64801867,0.722892264,1.561428368
-0.004793837,1.766672404,24.20974726,-1.357777715,22.64801867,0.722892264,1.561428368
-0.00803537,-1.242845628,4.46373928,1.073590034,2.338870118,-11.54775927,10.54548438
0.005887971,1.691671508,24.20974726,-1.306203517,22.64801867,0.722892264,1.561428368
0.009389633,1.424870154,24.20974726,-1.072627014,22.64801867,0.722892264,1.561428368
-0.00765618,-1.285090466,4.46373928,1.111820244,2.338870118,-11.54775927,10.54548438
0.002967962,1.822707987,24.20974726,-1.436023812,22.64801867,0.722892264,1.561428368
0.014265083,9.658991575,22.33980395,-9.226868341,21.8596375,-3.605342016,1.583743082
0.006933566,1.089069292,21.83906127,-1.135300317,32.10289695,1.179365953,1.574590762
-0.001475135,0.353872755,11.90742305,-0.39680483,35.25117226,3.679976821,0.799427639
-0.016159378,1.304296816,21.83906127,-1.339880683,32.10289695,1.179365953,1.574590762
0.001047882,0.934335416,21.83906127,-0.8817357,32.10289695,1.179365953,1.574590762
-0.009775743,-1.389910645,4.46373928,1.192827551,2.338870118,-11.54775927,10.54548438
0.001132955,0.873443275,21.83906127,-0.820367406,32.10289695,1.179365953,1.574590762
-0.007978949,1.126577775,21.83906127,-1.116611548,32.10289695,1.179365953,1.574590762
0.009527806,1.514877951,24.20974726,-1.158417031,22.64801867,0.722892264,1.561428368
0.002657818,5.240521113,27.82410651,-6.080118026,35.76400819,-3.176982476,1.403557444
-0.004982798,7.211718122,27.82410651,-8.516611511,35.76400819,-3.176982476,1.403557444
0.013609724,1.262239449,24.20974726,-0.91903105,22.64801867,0.722892264,1.561428368
-0.005997991,1.103882297,21.83906127,-1.109061259,32.10289695,1.179365953,1.574590762
0.004004079,0.284927136,11.90742305,-0.261833684,35.25117226,3.679976821,0.799427639
-0.008184855,1.3169406,21.83906127,-1.415909226,32.10289695,1.179365953,1.574590762
-0.014608419,1.184234932,21.83906127,-1.174695264,32.10289695,1.179365953,1.574590762
-0.015613386,1.279346455,21.83906127,-1.313585643,32.10289695,1.179365953,1.574590762
-0.002163229,1.169015784,21.83906127,-1.19611854,32.10289695,1.179365953,1.574590762
0.0084749,-7.436042078,35.5383946,2.559375685,6.418583899,-2.377564874,8.415177314
-0.007774453,1.255407779,21.83906127,-1.329074316,32.10289695,1.179365953,1.574590762
-0.003460263,1.125929422,21.83906127,-1.136100202,32.10289695,1.179365953,1.574590762
0.005966899,1.90389781,24.20974726,-1.504840613,22.64801867,0.722892264,1.561428368
-0.001215151,1.480925096,24.20974726,-1.088103353,22.64801867,0.722892264,1.561428368
0.003047805,-0.850308491,4.46373928,0.753346071,2.338870118,-11.54775927,10.54548438
0.00142707,1.715067517,24.20974726,-1.331057347,22.64801867,0.722892264,1.561428368
-0.016973777,2.236228967,24.20974726,-1.779467969,22.64801867,0.722892264,1.561428368
-0.005959591,-1.059258798,4.46373928,0.927554664,2.338870118,-11.54775927,10.54548438
0.004222014,1.34006331,24.20974726,-0.974623574,22.64801867,0.722892264,1.561428368
0.002042416,1.397860833,24.20974726,-1.020485137,22.64801867,0.722892264,1.561428368
-0.001054261,1.620865908,24.20974726,-1.216750587,22.64801867,0.722892264,1.561428368
0.003088104,1.173136117,21.83906127,-1.233451467,32.10289695,1.179365953,1.574590762
0.008606038,-1.034684104,4.46373928,0.895209173,2.338870118,-11.54775927,10.54548438
-0.006230416,1.214336566,21.83906127,-1.266386351,32.10289695,1.179365953,1.574590762
0.010208629,0.089337511,4.599848934,-0.198643696,44.72868634,15.01396387,0.903234339
-0.008033425,2.028403033,24.20974726,-1.588075652,22.64801867,0.722892264,1.561428368
0.001551914,1.492167232,24.20974726,-1.110879689,22.64801867,0.722892264,1.561428368
-0.005280611,-1.240892714,4.46373928,1.072317241,2.338870118,-11.54775927,10.54548438
-0.00154211,1.646734624,24.20974726,-1.245413706,22.64801867,0.722892264,1.561428368
-0.007232271,1.27153404,21.83906127,-1.338582753,32.10289695,1.179365953,1.574590762
-0.00062663,0.408575664,11.90742305,-0.535882003,35.25117226,3.679976821,0.799427639
-0.005297306,2.099506102,24.20974726,-1.663024514,22.64801867,0.722892264,1.561428368
-0.001137725,-1.322152227,4.46373928,1.131158404,2.338870118,-11.54775927,10.54548438
0.003555534,1.272293784,24.20974726,-0.903136358,22.64801867,0.722892264,1.561428368
0.004830266,5.674676832,27.82410651,-6.621446071,35.76400819,-3.176982476,1.403557444
-0.005015632,1.818265653,24.20974726,-1.401181419,22.64801867,0.722892264,1.561428368
0.009377746,0.92457454,21.83906127,-0.908751417,32.10289695,1.179365953,1.574590762
-0.003959416,5.860819302,27.82410651,-6.816283439,35.76400819,-3.176982476,1.403557444
-0.004879642,6.381046122,27.82410651,-7.460811954,35.76400819,-3.176982476,1.403557444
-0.010391526,1.441734846,21.83906127,-1.56507294,32.10289695,1.179365953,1.574590762
0.000229394,1.839525184,24.20974726,-1.443720429,22.64801867,0.722892264,1.561428368
0.005987502,1.573575375,24.20974726,-1.195244554,22.64801867,0.722892264,1.561428368
0.002223423,0.991242711,21.83906127,-0.962575059,32.10289695,1.179365953,1.574590762
0.007853844,4.714865378,27.82410651,-5.46131393,35.76400819,-3.176982476,1.403557444
0.001530779,1.379142899,21.83906127,-1.509631927,32.10289695,1.179365953,1.574590762
0.013154812,9.671034101,22.33980395,-9.2158744,21.8596375,-3.605342016,1.583743082
0.01087278,1.342754212,24.20974726,-0.992790944,22.64801867,0.722892264,1.561428368
0.008665106,0.919660352,21.83906127,-0.905118448,32.10289695,1.179365953,1.574590762
-0.006087695,1.264795372,21.83906127,-1.340706601,32.10289695,1.179365953,1.574590762
-0.005616994,1.105537562,21.83906127,-1.114360875,32.10289695,1.179365953,1.574590762
-0.001425394,1.751730374,24.20974726,-1.356773304,22.64801867,0.722892264,1.561428368
0.000103228,0.975268108,21.83906127,-0.932664536,32.10289695,1.179365953,1.574590762
0.006651361,-1.264840772,4.46373928,1.076130566,2.338870118,-11.54775927,10.54548438
-0.001467342,1.795130045,24.20974726,-1.394826703,22.64801867,0.722892264,1.561428368
-0.001547553,1.067796751,21.83906127,-1.067861429,32.10289695,1.179365953,1.574590762
-0.003455963,1.967655206,24.20974726,-1.545141609,22.64801867,0.722892264,1.561428368
-0.010571356,1.423299986,21.83906127,-1.545366645,32.10289695,1.179365953,1.574590762
0.000606555,1.122873146,21.83906127,-1.174676247,32.10289695,1.179365953,1.574590762
-0.019682732,1.555621431,21.83906127,-1.683934739,32.10289695,1.179365953,1.574590762
-0.002112425,1.023372212,21.83906127,-1.000608155,32.10289695,1.179365953,1.574590762
-0.010075749,1.148275644,21.83906127,-1.157165418,32.10289695,1.179365953,1.574590762
0.01188985,9.640167427,22.33980395,-9.19984643,21.8596375,-3.605342016,1.583743082
-0.010448465,1.433847552,21.83906127,-1.568505853,32.10289695,1.179365953,1.574590762
0.002164834,1.050629413,21.83906127,-1.070633856,32.10289695,1.179365953,1.574590762
-0.009154693,1.795222571,24.20974726,-1.363781943,22.64801867,0.722892264,1.561428368
-0.00278761,5.70231025,27.82410651,-6.639769136,35.76400819,-3.176982476,1.403557444
0.008439895,0.997844635,21.83906127,-1.01458541,32.10289695,1.179365953,1.574590762
0.004037488,1.142329506,21.83906127,-1.213664349,32.10289695,1.179365953,1.574590762
0.002266129,0.099938326,4.599848934,-0.242421867,44.72868634,15.01396387,0.903234339
0.000989074,1.141166179,21.83906127,-1.195975,32.10289695,1.179365953,1.574590762
0.001783124,1.071307739,21.83906127,-1.079914226,32.10289695,1.179365953,1.574590762
-0.011560297,1.301011075,21.83906127,-1.343534133,32.10289695,1.179365953,1.574590762
-0.00860619,1.142412772,21.83906127,-1.143844329,32.10289695,1.179365953,1.574590762
-0.008228977,1.325710023,21.83906127,-1.401578374,32.10289695,1.179365953,1.574590762
-0.000990662,15.14963343,22.33980395,-14.57054825,21.8596375,-3.605342016,1.583743082
0.010090697,-0.844195632,4.46373928,0.740769595,2.338870118,-11.54775927,10.54548438
0.006790604,5.583091208,27.82410651,-6.529541619,35.76400819,-3.176982476,1.403557444
0.003204465,1.56592969,24.20974726,-1.18531225,22.64801867,0.722892264,1.561428368
0.013694515,1.268296247,24.20974726,-0.933471731,22.64801867,0.722892264,1.561428368
-0.004209251,1.662806351,24.20974726,-1.265731381,22.64801867,0.722892264,1.561428368
0.004965432,0.9701012,21.83906127,-0.950426806,32.10289695,1.179365953,1.574590762
-0.006143432,2.014786662,24.20974726,-1.594427206,22.64801867,0.722892264,1.561428368
0.010013069,8.379173479,22.33980395,-7.949345005,21.8596375,-3.605342016,1.583743082
-0.005285196,1.128644017,21.83906127,-1.154781987,32.10289695,1.179365953,1.574590762
-6.33E-05,1.064679005,21.83906127,-1.071435324,32.10289695,1.179365953,1.574590762
-0.016529817,1.333604613,21.83906127,-1.374128607,32.10289695,1.179365953,1.574590762
0.007776714,0.288383556,11.90742305,-0.263236162,35.25117226,3.679976821,0.799427639
0.000392886,1.167675967,21.83906127,-1.21709215,32.10289695,1.179365953,1.574590762
-0.012746412,1.26287667,21.83906127,-1.29416055,32.10289695,1.179365953,1.574590762
0.011078861,9.56196034,22.33980395,-9.133479997,21.8596375,-3.605342016,1.583743082
-0.006463628,-1.02476656,4.46373928,0.901114039,2.338870118,-11.54775927,10.54548438
-0.002415914,1.498388771,24.20974726,-1.114139483,22.64801867,0.722892264,1.561428368
-0.001188526,1.031458333,21.83906127,-1.006057447,32.10289695,1.179365953,1.574590762
-0.002342512,1.089436386,21.83906127,-1.083542932,32.10289695,1.179365953,1.574590762
-0.001180818,-1.052107707,4.46373928,0.914345942,2.338870118,-11.54775927,10.54548438
-0.011420601,6.303953281,27.82410651,-7.320717508,35.76400819,-3.176982476,1.403557444
-0.006526223,2.039661193,24.20974726,-1.612091501,22.64801867,0.722892264,1.561428368
0.004610364,6.391703562,27.82410651,-7.516708108,35.76400819,-3.176982476,1.403557444
0.007045916,0.93358131,21.83906127,-0.910131381,32.10289695,1.179365953,1.574590762
-0.001935806,1.263334323,21.83906127,-1.363055612,32.10289695,1.179365953,1.574590762
0.013658835,9.44996966,22.33980395,-9.017673926,21.8596375,-3.605342016,1.583743082
-0.00486171,1.136634763,21.83906127,-1.158698448,32.10289695,1.179365953,1.574590762
-0.003634176,1.58174169,24.20974726,-1.173535642,22.64801867,0.722892264,1.561428368
-0.000578579,1.055138996,21.83906127,-1.053777449,32.10289695,1.179365953,1.574590762
0.001467816,1.444038333,24.20974726,-1.066939954,22.64801867,0.722892264,1.561428368
0.007247613,12.31950576,22.33980395,-11.81460207,21.8596375,-3.605342016,1.583743082
0.005376745,1.294250296,24.20974726,-0.936897395,22.64801867,0.722892264,1.561428368
-0.004275089,0.373574023,11.90742305,-0.43018132,35.25117226,3.679976821,0.799427639
-0.010282247,1.320628573,21.83906127,-1.416609004,32.10289695,1.179365953,1.574590762
0.007067234,13.49814967,22.33980395,-12.98051531,21.8596375,-3.605342016,1.583743082
0.011762782,1.449879423,24.20974726,-1.11533043,22.64801867,0.722892264,1.561428368
0.013636646,9.673221192,22.33980395,-9.2266812,21.8596375,-3.605342016,1.583743082
0.005142309,1.30218434,24.20974726,-0.942980229,22.64801867,0.722892264,1.561428368
0.006753175,8.800692923,22.33980395,-8.354199814,21.8596375,-3.605342016,1.583743082
0.020266395,7.706560028,22.33980395,-7.31756333,21.8596375,-3.605342016,1.583743082
-0.014018214,0.409473231,11.90742305,-0.516991298,35.25117226,3.679976821,0.799427639
-0.010011583,1.713243721,24.20974726,-1.290460754,22.64801867,0.722892264,1.561428368
-0.006761837,1.804642686,24.20974726,-1.37681506,22.64801867,0.722892264,1.561428368
-0.002039326,-1.313173741,4.46373928,1.124501108,2.338870118,-11.54775927,10.54548438
0.002602567,13.43920075,22.33980395,-12.89746114,21.8596375,-3.605342016,1.583743082
0.000439729,-0.860986053,4.46373928,0.764011889,2.338870118,-11.54775927,10.54548438
0.007527378,0.093758362,4.599848934,-0.224274755,44.72868634,15.01396387,0.903234339
0.001902819,0.98366342,21.83906127,-0.979309123,32.10289695,1.179365953,1.574590762
-0.011920874,1.430962863,21.83906127,-1.550863619,32.10289695,1.179365953,1.574590762
-0.001193078,-0.858751473,4.46373928,0.763056952,2.338870118,-11.54775927,10.54548438
0.013260621,-8.219755261,35.5383946,2.808614028,6.418583899,-2.377564874,8.415177314
0.00425233,12.33825285,22.33980395,-11.84017864,21.8596375,-3.605342016,1.583743082
0.006454396,1.339828782,24.20974726,-0.986260483,22.64801867,0.722892264,1.561428368
0.011093253,1.563306726,24.20974726,-1.202554071,22.64801867,0.722892264,1.561428368
-0.005071988,1.216356379,21.83906127,-1.256385716,32.10289695,1.179365953,1.574590762
-0.012573486,1.36752835,21.83906127,-1.448432278,32.10289695,1.179365953,1.574590762
-0.006381767,1.423917553,21.83906127,-1.576711907,32.10289695,1.179365953,1.574590762
6.60E-05,1.212552953,21.83906127,-1.293863873,32.10289695,1.179365953,1.574590762
0.001285143,0.32979798,11.90742305,-0.370724289,35.25117226,3.679976821,0.799427639
-0.005381147,1.306297093,21.83906127,-1.40834816,32.10289695,1.179365953,1.574590762
0.006790428,6.011298467,27.82410651,-7.06551408,35.76400819,-3.176982476,1.403557444
6.76E-05,6.623847326,27.82410651,-7.787976851,35.76400819,-3.176982476,1.403557444
-0.01241068,1.339855286,21.83906127,-1.414249921,32.10289695,1.179365953,1.574590762
-0.000212306,1.511046695,24.20974726,-1.126996576,22.64801867,0.722892264,1.561428368
-0.009317897,6.754796616,27.82410651,-7.897229505,35.76400819,-3.176982476,1.403557444
-0.015771667,1.221875599,21.83906127,-1.235603246,32.10289695,1.179365953,1.574590762
0.007777346,1.618395877,24.20974726,-1.247110229,22.64801867,0.722892264,1.561428368
-0.01074779,8.789257068,27.82410651,-10.43008821,35.76400819,-3.176982476,1.403557444
-0.00989932,1.305504747,21.83906127,-1.3766875,32.10289695,1.179365953,1.574590762
0.007436893,1.260559904,24.20974726,-0.890857043,22.64801867,0.722892264,1.561428368
0.011946361,-9.410444736,35.5383946,3.200307333,6.418583899,-2.377564874,8.415177314
0.007828476,13.08809032,22.33980395,-12.57892794,21.8596375,-3.605342016,1.583743082
0.001738295,1.304298322,24.20974726,-0.937505733,22.64801867,0.722892264,1.561428368
0.004782633,1.359397942,24.20974726,-1.008346475,22.64801867,0.722892264,1.561428368
0.003890595,15.28237199,22.33980395,-14.7256679,21.8596375,-3.605342016,1.583743082
0.003270178,1.056340041,21.83906127,-1.077226621,32.10289695,1.179365953,1.574590762
0.003780043,1.334492307,24.20974726,-0.970596831,22.64801867,0.722892264,1.561428368
-0.005815715,1.410015279,24.20974726,-1.00478676,22.64801867,0.722892264,1.561428368
0.02128348,1.047624188,24.20974726,-0.732299755,22.64801867,0.722892264,1.561428368
0.00276612,6.109845154,27.82410651,-7.144692057,35.76400819,-3.176982476,1.403557444
0.003204348,1.347446123,24.20974726,-0.975439042,22.64801867,0.722892264,1.561428368
-0.015127217,0.262327355,5.252729568,-0.358164874,19.02009702,1.493827363,1.073912626
-0.000771651,0.10643543,4.599848934,-0.232745936,44.72868634,15.01396387,0.903234339
-0.007107081,1.187491483,21.83906127,-1.199610384,32.10289695,1.179365953,1.574590762
0.003954065,1.372201284,24.20974726,-0.999154882,22.64801867,0.722892264,1.561428368
0.004204188,1.342279715,24.20974726,-0.978763833,22.64801867,0.722892264,1.561428368
-0.006770688,1.299530153,21.83906127,-1.387110481,32.10289695,1.179365953,1.574590762
0.018624013,10.41855652,22.33980395,-9.956985589,21.8596375,-3.605342016,1.583743082
0.001159835,1.755090389,24.20974726,-1.361194942,22.64801867,0.722892264,1.561428368
-0.007338417,1.23614587,21.83906127,-1.274186716,32.10289695,1.179365953,1.574590762
0.010956017,1.280556239,24.20974726,-0.952054071,22.64801867,0.722892264,1.561428368
0.000604948,14.68210646,22.33980395,-14.11107774,21.8596375,-3.605342016,1.583743082
0.002894576,-0.64152054,4.46373928,0.581969105,2.338870118,-11.54775927,10.54548438
0.005229655,1.620245397,24.20974726,-1.247491228,22.64801867,0.722892264,1.561428368
-0.018236784,1.422150193,21.83906127,-1.487973439,32.10289695,1.179365953,1.574590762
-0.011808959,7.522110899,27.82410651,-8.86049015,35.76400819,-3.176982476,1.403557444
0.005262292,12.87601933,22.33980395,-12.36453906,21.8596375,-3.605342016,1.583743082
0.009315439,12.2818332,22.33980395,-11.79625685,21.8596375,-3.605342016,1.583743082
0.009261664,0.301112527,11.90742305,-0.32501749,35.25117226,3.679976821,0.799427639
0.003777499,1.020938805,21.83906127,-1.024422654,32.10289695,1.179365953,1.574590762
-0.014116449,7.062908946,27.82410651,-8.247620541,35.76400819,-3.176982476,1.403557444
-9.00E-05,-1.268210573,4.46373928,1.08879524,2.338870118,-11.54775927,10.54548438
-0.009053928,7.406486846,27.82410651,-8.714641817,35.76400819,-3.176982476,1.403557444
0.009991289,3.563640629,27.82410651,-4.01878596,35.76400819,-3.176982476,1.403557444
0.002179514,0.335135369,11.90742305,-0.359365677,35.25117226,3.679976821,0.799427639
0.000622516,1.69555869,24.20974726,-1.292302728,22.64801867,0.722892264,1.561428368
-0.001570181,1.098416757,21.83906127,-1.117777661,32.10289695,1.179365953,1.574590762
0.014229771,10.58240588,22.33980395,-10.1279332,21.8596375,-3.605342016,1.583743082
-0.00270518,1.066897727,21.83906127,-1.07284487,32.10289695,1.179365953,1.574590762
0.003228733,12.60844645,22.33980395,-12.08159171,21.8596375,-3.605342016,1.583743082
0.010755372,-1.219236511,4.46373928,1.037324499,2.338870118,-11.54775927,10.54548438
-0.002983212,0.362043719,11.90742305,-0.426440213,35.25117226,3.679976821,0.799427639
-0.003038219,6.351677407,27.82410651,-7.424596595,35.76400819,-3.176982476,1.403557444
0.017887622,8.646229704,22.33980395,-8.243883282,21.8596375,-3.605342016,1.583743082
0.005776781,0.997394109,21.83906127,-1.01264804,32.10289695,1.179365953,1.574590762
0.008908806,15.22147464,22.33980395,-14.66423159,21.8596375,-3.605342016,1.583743082
-0.009145662,1.220834409,21.83906127,-1.251698901,32.10289695,1.179365953,1.574590762
0.005410669,-0.977034936,4.46373928,0.851256338,2.338870118,-11.54775927,10.54548438
-0.009341065,1.234803963,21.83906127,-1.279415362,32.10289695,1.179365953,1.574590762
0.006856003,0.096571197,4.599848934,-0.307710643,44.72868634,15.01396387,0.903234339
0.002280061,1.141827902,21.83906127,-1.215440866,32.10289695,1.179365953,1.574590762
0.003943083,0.993083017,21.83906127,-0.989048809,32.10289695,1.179365953,1.574590762
0.002199011,1.542822719,24.20974726,-1.150594496,22.64801867,0.722892264,1.561428368
0.005898653,1.480054531,24.20974726,-1.113368112,22.64801867,0.722892264,1.561428368
0.000300403,-1.009271262,4.46373928,0.883091282,2.338870118,-11.54775927,10.54548438
-0.000882273,1.104799752,21.83906127,-1.13333019,32.10289695,1.179365953,1.574590762
0.004371298,1.447609235,24.20974726,-1.076288117,22.64801867,0.722892264,1.561428368
-0.005781864,-1.222979108,4.46373928,1.055161471,2.338870118,-11.54775927,10.54548438
0.007641441,0.335660758,11.90742305,-0.40361048,35.25117226,3.679976821,0.799427639
-0.002732151,0.941450123,21.83906127,-0.872284304,32.10289695,1.179365953,1.574590762
-0.006828794,-1.243260262,4.46373928,1.07388323,2.338870118,-11.54775927,10.54548438
-0.010499982,-1.337334469,4.46373928,1.150621481,2.338870118,-11.54775927,10.54548438
0.002020189,-1.325930131,4.46373928,1.129974629,2.338870118,-11.54775927,10.54548438
0.002222942,1.784566302,24.20974726,-1.391535632,22.64801867,0.722892264,1.561428368
0.003058227,1.492840482,24.20974726,-1.120342673,22.64801867,0.722892264,1.561428368
-0.012216311,-1.3003542,4.46373928,1.123645946,2.338870118,-11.54775927,10.54548438
-0.004131181,1.192089496,21.83906127,-1.245219132,32.10289695,1.179365953,1.574590762
0.001335822,1.069224259,21.83906127,-1.080507158,32.10289695,1.179365953,1.574590762
-0.003976162,1.06666133,21.83906127,-1.062393816,32.10289695,1.179365953,1.574590762
-0.000236878,1.958636844,24.20974726,-1.553148173,22.64801867,0.722892264,1.561428368
-0.003991268,1.076528235,21.83906127,-1.066024849,32.10289695,1.179365953,1.574590762
-0.008691646,1.196219293,21.83906127,-1.225965386,32.10289695,1.179365953,1.574590762
-0.001230909,13.65956186,22.33980395,-13.11422551,21.8596375,-3.605342016,1.583743082
-0.018200778,-1.539164822,4.46373928,1.318306785,2.338870118,-11.54775927,10.54548438
-0.013687422,2.085234446,24.20974726,-1.629943532,22.64801867,0.722892264,1.561428368
0.006941156,-0.923095831,4.46373928,0.807207474,2.338870118,-11.54775927,10.54548438
0.006704507,1.400551889,24.20974726,-1.037063824,22.64801867,0.722892264,1.561428368
-0.009799204,-1.458004032,4.46373928,1.247887204,2.338870118,-11.54775927,10.54548438
-0.001901009,-1.251016285,4.46373928,1.075763667,2.338870118,-11.54775927,10.54548438
0.002042325,12.65960632,22.33980395,-12.14068222,21.8596375,-3.605342016,1.583743082
0.012403369,12.14007921,22.33980395,-11.65651286,21.8596375,-3.605342016,1.583743082
0.016219024,1.298700124,24.20974726,-0.975201474,22.64801867,0.722892264,1.561428368
0.00101268,0.963834969,21.83906127,-0.923097637,32.10289695,1.179365953,1.574590762
0.006140742,11.43249958,22.33980395,-10.94691149,21.8596375,-3.605342016,1.583743082
-0.003273461,1.565407427,24.20974726,-1.175128914,22.64801867,0.722892264,1.561428368
0.001783057,1.572461083,24.20974726,-1.184155149,22.64801867,0.722892264,1.561428368
0.012364622,0.294700316,11.90742305,-0.314235557,35.25117226,3.679976821,0.799427639
0.00995122,1.426050958,24.20974726,-1.069320647,22.64801867,0.722892264,1.561428368
0.000365258,0.91716323,21.83906127,-0.872027393,32.10289695,1.179365953,1.574590762
-0.014995231,1.438442141,21.83906127,-1.545418816,32.10289695,1.179365953,1.574590762
-0.007319467,8.128438032,27.82410651,-9.648419431,35.76400819,-3.176982476,1.403557444
-0.002614365,6.813259432,27.82410651,-8.011433358,35.76400819,-3.176982476,1.403557444
-0.001274042,-1.068693216,4.46373928,0.933102731,2.338870118,-11.54775927,10.54548438
0.014171206,12.06406227,22.33980395,-11.5877596,21.8596375,-3.605342016,1.583743082
0.003617629,1.437904591,24.20974726,-1.055114928,22.64801867,0.722892264,1.561428368
0.020714829,7.86502618,22.33980395,-7.476073751,21.8596375,-3.605342016,1.583743082
0.004314363,12.22806383,22.33980395,-11.73183936,21.8596375,-3.605342016,1.583743082
0.00017272,0.979239654,21.83906127,-0.946317437,32.10289695,1.179365953,1.574590762
0.012522887,1.151859723,24.20974726,-0.818744213,22.64801867,0.722892264,1.561428368
0.006757745,-0.710874421,4.46373928,0.643195236,2.338870118,-11.54775927,10.54548438
0.010242826,0.309894324,11.90742305,-0.357747806,35.25117226,3.679976821,0.799427639
0.000652584,1.333389608,24.20974726,-0.960428359,22.64801867,0.722892264,1.561428368
-0.008953644,2.026900191,24.20974726,-1.576840958,22.64801867,0.722892264,1.561428368
0.012325389,8.166022606,22.33980395,-7.747978813,21.8596375,-3.605342016,1.583743082
-0.004978803,0.333798172,11.90742305,-0.305557165,35.25117226,3.679976821,0.799427639
-0.004764514,1.217220092,21.83906127,-1.283772208,32.10289695,1.179365953,1.574590762
0.006381315,0.095762558,4.599848934,-0.256597239,44.72868634,15.01396387,0.903234339
0.00398022,-1.018502126,4.46373928,0.885118876,2.338870118,-11.54775927,10.54548438
-0.002165227,1.808200289,24.20974726,-1.401449737,22.64801867,0.722892264,1.561428368
0.003611018,1.042821927,21.83906127,-1.058379906,32.10289695,1.179365953,1.574590762
-0.010361268,-1.503470452,4.46373928,1.283807984,2.338870118,-11.54775927,10.54548438
0.006476051,13.59387516,22.33980395,-13.07648238,21.8596375,-3.605342016,1.583743082
0.012494931,12.82240021,22.33980395,-12.32482197,21.8596375,-3.605342016,1.583743082
0.008815214,0.957428281,21.83906127,-0.965901683,32.10289695,1.179365953,1.574590762
-0.001229021,1.635945379,24.20974726,-1.242611971,22.64801867,0.722892264,1.561428368
0.003707272,1.843865667,24.20974726,-1.464722568,22.64801867,0.722892264,1.561428368
-0.004123451,1.686908259,24.20974726,-1.270844335,22.64801867,0.722892264,1.561428368
-0.006713246,1.298255519,21.83906127,-1.367974935,32.10289695,1.179365953,1.574590762
-0.01547063,1.312346966,21.83906127,-1.365455397,32.10289695,1.179365953,1.574590762
0.009592581,11.0556273,22.33980395,-10.59436879,21.8596375,-3.605342016,1.583743082
-0.006032264,1.116183937,21.83906127,-1.120484706,32.10289695,1.179365953,1.574590762
-0.003718585,0.104658876,4.599848934,-0.338231167,44.72868634,15.01396387,0.903234339
0.014978535,9.270602167,22.33980395,-8.844260682,21.8596375,-3.605342016,1.583743082
0.01381865,1.420168194,24.20974726,-1.07873575,22.64801867,0.722892264,1.561428368
-9.19E-05,0.315526484,11.90742305,-0.30937004,35.25117226,3.679976821,0.799427639
-0.002387069,1.573265698,24.20974726,-1.179104676,22.64801867,0.722892264,1.561428368
-0.005679056,-1.16636792,4.46373928,1.013379053,2.338870118,-11.54775927,10.54548438
-0.003402574,1.140884239,21.83906127,-1.156289073,32.10289695,1.179365953,1.574590762
0.014179333,0.737365761,21.83906127,-0.664301322,32.10289695,1.179365953,1.574590762
0.012849281,1.356614135,24.20974726,-0.999533816,22.64801867,0.722892264,1.561428368
-0.005482834,1.198979421,21.83906127,-1.230548384,32.10289695,1.179365953,1.574590762
-0.011427,0.245653724,5.252729568,-0.334165285,19.02009702,1.493827363,1.073912626
0.009854168,1.294454506,24.20974726,-0.952304789,22.64801867,0.722892264,1.561428368
0.0015784,6.217434003,27.82410651,-7.284105365,35.76400819,-3.176982476,1.403557444
-0.001095089,-1.077325208,4.46373928,0.934632697,2.338870118,-11.54775927,10.54548438
-0.002165294,1.62406227,24.20974726,-1.212905261,22.64801867,0.722892264,1.561428368
0.003772589,0.938002481,21.83906127,-0.917185508,32.10289695,1.179365953,1.574590762
0.010062039,-0.778053347,4.46373928,0.690326742,2.338870118,-11.54775927,10.54548438
-0.006198739,1.203782474,21.83906127,-1.243167421,32.10289695,1.179365953,1.574590762
0.002113752,1.441837277,24.20974726,-1.059580616,22.64801867,0.722892264,1.561428368
-0.00103251,1.189971327,21.83906127,-1.258083658,32.10289695,1.179365953,1.574590762
0.012892276,-10.05125882,35.5383946,3.403094121,6.418583899,-2.377564874,8.415177314
-0.004666376,1.273845686,21.83906127,-1.34777892,32.10289695,1.179365953,1.574590762
0.002252138,1.114771291,21.83906127,-1.156468735,32.10289695,1.179365953,1.574590762
0.024695572,2.666419278,29.22419808,-1.914091368,22.9754458,0.00669561,0.952785826
-0.000853775,1.006488038,21.83906127,-0.993261197,32.10289695,1.179365953,1.574590762
0.006368525,1.023710236,21.83906127,-1.036527872,32.10289695,1.179365953,1.574590762
-0.000519125,10.79383791,22.33980395,-10.28662367,21.8596375,-3.605342016,1.583743082
0.010216145,1.581226887,24.20974726,-1.215601214,22.64801867,0.722892264,1.561428368
0.001761941,1.057577848,21.83906127,-1.062715764,32.10289695,1.179365953,1.574590762
-0.000650813,5.729231277,27.82410651,-6.661104768,35.76400819,-3.176982476,1.403557444
0.005961179,5.974513862,27.82410651,-7.000998174,35.76400819,-3.176982476,1.403557444
-0.004314223,0.106292473,4.599848934,-0.242432895,44.72868634,15.01396387,0.903234339
-0.000647908,5.017225635,27.82410651,-5.787031181,35.76400819,-3.176982476,1.403557444
0.003384566,-1.113003033,4.46373928,0.962205464,2.338870118,-11.54775927,10.54548438
-0.00049536,0.344860353,11.90742305,-0.383122585,35.25117226,3.679976821,0.799427639
-0.009861451,1.322052395,21.83906127,-1.394551304,32.10289695,1.179365953,1.574590762
0.005534172,1.416396283,24.20974726,-1.054705636,22.64801867,0.722892264,1.561428368
0.001176324,1.405054027,24.20974726,-1.027571477,22.64801867,0.722892264,1.561428368
0.012242976,1.278212407,24.20974726,-0.942349809,22.64801867,0.722892264,1.561428368
0.017208735,11.18026033,22.33980395,-10.71388452,21.8596375,-3.605342016,1.583743082
-0.001753239,1.146719808,21.83906127,-1.171300299,32.10289695,1.179365953,1.574590762
0.007980313,0.833958103,21.83906127,-0.768821843,32.10289695,1.179365953,1.574590762
-0.003606286,1.245672485,21.83906127,-1.32461906,32.10289695,1.179365953,1.574590762
0.004668914,0.098732946,4.599848934,-0.172580865,44.72868634,15.01396387,0.903234339
0.00197191,4.852383091,27.82410651,-5.571506918,35.76400819,-3.176982476,1.403557444
-0.003014407,1.864242678,24.20974726,-1.469814582,22.64801867,0.722892264,1.561428368
0.001399001,1.779850044,24.20974726,-1.388781184,22.64801867,0.722892264,1.561428368
-0.00087336,1.498365593,24.20974726,-1.116635378,22.64801867,0.722892264,1.561428368
-0.014884833,-1.592097555,4.46373928,1.359994699,2.338870118,-11.54775927,10.54548438
-0.008974592,1.220990485,21.83906127,-1.250714857,32.10289695,1.179365953,1.574590762
-0.003605808,-0.998434712,4.46373928,0.873820448,2.338870118,-11.54775927,10.54548438
-0.013438099,1.832346149,24.20974726,-1.389163004,22.64801867,0.722892264,1.561428368
0.003050931,1.536884953,24.20974726,-1.156894655,22.64801867,0.722892264,1.561428368
-0.004976081,0.375037467,11.90742305,-0.448398924,35.25117226,3.679976821,0.799427639
-0.012008974,-1.366142717,4.46373928,1.179958339,2.338870118,-11.54775927,10.54548438
-0.010906242,-1.245786635,4.46373928,1.07932629,2.338870118,-11.54775927,10.54548438
0.00045174,1.460501844,24.20974726,-1.058791575,22.64801867,0.722892264,1.561428368
-0.006087758,-1.034384922,4.46373928,0.905370076,2.338870118,-11.54775927,10.54548438
0.01255765,-9.006125766,35.5383946,3.06680362,6.418583899,-2.377564874,8.415177314
-0.00624944,1.260091433,21.83906127,-1.317871794,32.10289695,1.179365953,1.574590762
-0.00978983,2.220612207,24.20974726,-1.755356721,22.64801867,0.722892264,1.561428368
-0.004305273,1.217733268,21.83906127,-1.261242735,32.10289695,1.179365953,1.574590762
-0.000889584,1.74141787,24.20974726,-1.35100457,22.64801867,0.722892264,1.561428368
-0.002432267,6.783791272,27.82410651,-7.989538863,35.76400819,-3.176982476,1.403557444
0.002630086,-1.191666145,4.46373928,1.024961795,2.338870118,-11.54775927,10.54548438
-0.006749277,1.200239614,21.83906127,-1.236329656,32.10289695,1.179365953,1.574590762
-0.004401441,1.10999158,21.83906127,-1.128074024,32.10289695,1.179365953,1.574590762
-3.91E-05,1.802754364,24.20974726,-1.412680755,22.64801867,0.722892264,1.561428368
0.00100095,-0.906974333,4.46373928,0.800474537,2.338870118,-11.54775927,10.54548438
0.002183599,1.645079173,24.20974726,-1.256652185,22.64801867,0.722892264,1.561428368
-0.007744673,0.240644445,5.252729568,-0.317859786,19.02009702,1.493827363,1.073912626
-0.011929582,1.259310931,21.83906127,-1.277595845,32.10289695,1.179365953,1.574590762
-0.004442326,-1.313472855,4.46373928,1.126497943,2.338870118,-11.54775927,10.54548438
0.001995937,1.111295981,21.83906127,-1.163480137,32.10289695,1.179365953,1.574590762
-0.000788052,1.159521408,21.83906127,-1.205588625,32.10289695,1.179365953,1.574590762
-0.007463107,1.108547688,21.83906127,-1.119850811,32.10289695,1.179365953,1.574590762
-0.006435278,1.212239256,21.83906127,-1.236612777,32.10289695,1.179365953,1.574590762
-0.020265149,1.448316303,21.83906127,-1.54281768,32.10289695,1.179365953,1.574590762
-0.00706418,1.695723299,24.20974726,-1.279314505,22.64801867,0.722892264,1.561428368
-0.004534014,7.611481662,27.82410651,-8.997663733,35.76400819,-3.176982476,1.403557444
0.003874474,5.433969446,27.82410651,-6.331464263,35.76400819,-3.176982476,1.403557444
-0.008510763,-1.201645128,4.46373928,1.042344234,2.338870118,-11.54775927,10.54548438
-0.003585,6.351336027,27.82410651,-7.431406446,35.76400819,-3.176982476,1.403557444
0.00462599,1.142959717,21.83906127,-1.206535013,32.10289695,1.179365953,1.574590762
0.005418768,1.398293523,24.20974726,-1.038332549,22.64801867,0.722892264,1.561428368
0.011123747,-1.022544781,4.46373928,0.883795604,2.338870118,-11.54775927,10.54548438
0.006988909,1.55441574,24.20974726,-1.187758689,22.64801867,0.722892264,1.561428368
-0.011489547,1.21450412,21.83906127,-1.227004674,32.10289695,1.179365953,1.574590762
-0.004036753,1.215930009,21.83906127,-1.275176961,32.10289695,1.179365953,1.574590762
-0.002304696,-0.978616552,4.46373928,0.856187945,2.338870118,-11.54775927,10.54548438
0.005409795,1.479130952,24.20974726,-1.106260056,22.64801867,0.722892264,1.561428368
0.014313187,11.24440946,22.33980395,-10.78690186,21.8596375,-3.605342016,1.583743082
-0.004721824,1.184316953,21.83906127,-1.212455901,32.10289695,1.179365953,1.574590762
0.01244416,-0.810587994,4.46373928,0.714696144,2.338870118,-11.54775927,10.54548438
0.007325519,1.286261913,24.20974726,-0.930954873,22.64801867,0.722892264,1.561428368
-0.004394006,1.150916183,21.83906127,-1.16162994,32.10289695,1.179365953,1.574590762
-0.005348311,6.407688185,27.82410651,-7.508490016,35.76400819,-3.176982476,1.403557444
0.016375891,12.06922101,22.33980395,-11.60369872,21.8596375,-3.605342016,1.583743082
0.001178114,1.040742687,21.83906127,-1.047848835,32.10289695,1.179365953,1.574590762
0.008012663,5.284332618,27.82410651,-6.142982653,35.76400819,-3.176982476,1.403557444
-0.00132652,1.353418678,24.20974726,-0.967967231,22.64801867,0.722892264,1.561428368
0.020211827,7.659138585,22.33980395,-7.280692991,21.8596375,-3.605342016,1.583743082
-0.001851602,-1.049299357,4.46373928,0.916037477,2.338870118,-11.54775927,10.54548438
-0.002512774,1.521610401,24.20974726,-1.121998338,22.64801867,0.722892264,1.561428368
0.004942366,1.057127131,21.83906127,-1.08315221,32.10289695,1.179365953,1.574590762
0.006717096,12.02094316,22.33980395,-11.51926419,21.8596375,-3.605342016,1.583743082
0.005621141,0.930827786,21.83906127,-0.907775232,32.10289695,1.179365953,1.574590762
0.006924432,12.12681343,22.33980395,-11.62377265,21.8596375,-3.605342016,1.583743082
0.001826064,1.345641753,24.20974726,-0.974152862,22.64801867,0.722892264,1.561428368
-0.008135408,0.255932941,5.252729568,-0.364496594,19.02009702,1.493827363,1.073912626
-7.19E-05,5.927032967,27.82410651,-6.912146576,35.76400819,-3.176982476,1.403557444
-0.010880997,1.264215223,21.83906127,-1.3202842,32.10289695,1.179365953,1.574590762
0.009189859,1.422161502,24.20974726,-1.064842216,22.64801867,0.722892264,1.561428368
-0.008823042,1.358078182,21.83906127,-1.46643444,32.10289695,1.179365953,1.574590762
-0.022361916,1.5052589,21.83906127,-1.591020407,32.10289695,1.179365953,1.574590762
0.012172951,1.288803923,24.20974726,-0.955966901,22.64801867,0.722892264,1.561428368
-0.006411014,1.924823347,24.20974726,-1.490854164,22.64801867,0.722892264,1.561428368
0.000124339,5.95826566,27.82410651,-6.935380828,35.76400819,-3.176982476,1.403557444
0.002275002,-1.063609516,4.46373928,0.923677163,2.338870118,-11.54775927,10.54548438
0.000331303,5.959003138,27.82410651,-6.974390644,35.76400819,-3.176982476,1.403557444
0.010654733,12.05370314,22.33980395,-11.55821856,21.8596375,-3.605342016,1.583743082
0.010600317,1.420862265,24.20974726,-1.067007563,22.64801867,0.722892264,1.561428368
0.001356112,5.543809444,27.82410651,-6.426771753,35.76400819,-3.176982476,1.403557444
-0.015859301,1.433601148,21.83906127,-1.525356398,32.10289695,1.179365953,1.574590762
0.006713702,-7.546522315,35.5383946,2.602684834,6.418583899,-2.377564874,8.415177314
-0.015707065,0.388216381,11.90742305,-0.439840565,35.25117226,3.679976821,0.799427639
-0.004052192,1.120068203,21.83906127,-1.143334045,32.10289695,1.179365953,1.574590762
0.009813231,0.971228678,21.83906127,-0.970708116,32.10289695,1.179365953,1.574590762
1.94E-06,15.19277975,22.33980395,-14.60870797,21.8596375,-3.605342016,1.583743082
0.000383948,1.200747736,21.83906127,-1.261591003,32.10289695,1.179365953,1.574590762
-0.00137841,0.344771073,11.90742305,-0.381564857,35.25117226,3.679976821,0.799427639
-0.006356068,-1.367294799,4.46373928,1.170827422,2.338870118,-11.54775927,10.54548438
-0.014838473,1.278203193,21.83906127,-1.306993635,32.10289695,1.179365953,1.574590762
-0.007039365,1.705292631,24.20974726,-1.281659401,22.64801867,0.722892264,1.561428368
-0.012083222,1.358917678,21.83906127,-1.440375628,32.10289695,1.179365953,1.574590762
-0.007648376,1.230366219,21.83906127,-1.26154127,32.10289695,1.179365953,1.574590762
0.00044277,0.962388411,21.83906127,-0.928944525,32.10289695,1.179365953,1.574590762
0.009904125,11.29281802,22.33980395,-10.80970235,21.8596375,-3.605342016,1.583743082
-0.000626737,1.82721882,24.20974726,-1.423590335,22.64801867,0.722892264,1.561428368
0.002315948,1.630262461,24.20974726,-1.237340621,22.64801867,0.722892264,1.561428368
0.010096697,1.632797336,24.20974726,-1.269001513,22.64801867,0.722892264,1.561428368
-0.001318347,1.097936696,21.83906127,-1.118971339,32.10289695,1.179365953,1.574590762
-0.004288836,1.151593156,21.83906127,-1.17879966,32.10289695,1.179365953,1.574590762
-0.00717068,-1.111118514,4.46373928,0.968615717,2.338870118,-11.54775927,10.54548438
-0.000915695,0.221915546,5.252729568,-0.294420699,19.02009702,1.493827363,1.073912626
-0.004630564,1.033991748,21.83906127,-1.016309158,32.10289695,1.179365953,1.574590762
-0.004905208,-1.086437346,4.46373928,0.944799397,2.338870118,-11.54775927,10.54548438
-0.003907505,1.293183904,21.83906127,-1.381066989,32.10289695,1.179365953,1.574590762
-0.00646011,0.257611938,5.252729568,-0.3886222,19.02009702,1.493827363,1.073912626
-0.001958137,13.44639613,22.33980395,-12.89532113,21.8596375,-3.605342016,1.583743082
0.00847938,12.15591075,22.33980395,-11.66037767,21.8596375,-3.605342016,1.583743082
-0.003325343,1.420759631,24.20974726,-1.051228889,22.64801867,0.722892264,1.561428368
0.001230969,0.948721636,21.83906127,-0.919341448,32.10289695,1.179365953,1.574590762
0.016912005,1.082720063,24.20974726,-0.773225294,22.64801867,0.722892264,1.561428368
0.014093961,9.054174378,22.33980395,-8.623705192,21.8596375,-3.605342016,1.583743082
0.000494588,0.871901585,21.83906127,-0.789194747,32.10289695,1.179365953,1.574590762
-0.005979893,6.730938704,27.82410651,-7.886707606,35.76400819,-3.176982476,1.403557444
0.009876188,1.51052355,24.20974726,-1.147867553,22.64801867,0.722892264,1.561428368
0.003780228,1.359227104,24.20974726,-0.997523663,22.64801867,0.722892264,1.561428368
-0.007907565,-1.467449878,4.46373928,1.255240708,2.338870118,-11.54775927,10.54548438
-0.005916169,-1.193919502,4.46373928,1.035028303,2.338870118,-11.54775927,10.54548438
-0.01043641,1.194473201,21.83906127,-1.21493292,32.10289695,1.179365953,1.574590762
0.005129524,1.31318413,24.20974726,-0.952305164,22.64801867,0.722892264,1.561428368
-0.008537633,2.053256469,24.20974726,-1.618918016,22.64801867,0.722892264,1.561428368
0.002365073,1.038225189,21.83906127,-1.054404404,32.10289695,1.179365953,1.574590762
0.010998046,11.63434758,22.33980395,-11.15104395,21.8596375,-3.605342016,1.583743082
0.015094883,10.55149074,22.33980395,-10.08438217,21.8596375,-3.605342016,1.583743082
-0.004794277,1.302319155,21.83906127,-1.382674762,32.10289695,1.179365953,1.574590762
0.004617437,0.208251274,5.252729568,-0.283545038,19.02009702,1.493827363,1.073912626
0.005827034,0.100169279,4.599848934,-0.226025683,44.72868634,15.01396387,0.903234339
-0.000911121,-1.332167397,4.46373928,1.139915065,2.338870118,-11.54775927,10.54548438
0.013951855,12.65510116,22.33980395,-12.17200676,21.8596375,-3.605342016,1.583743082
-0.020708272,1.400287708,21.83906127,-1.448692547,32.10289695,1.179365953,1.574590762
0.003690675,1.287054516,21.83906127,-1.401299794,32.10289695,1.179365953,1.574590762
0.010690456,1.545439005,24.20974726,-1.196459149,22.64801867,0.722892264,1.561428368
-0.002793397,6.141872814,27.82410651,-7.1638732,35.76400819,-3.176982476,1.403557444
0.001896187,1.056697945,21.83906127,-1.06134412,32.10289695,1.179365953,1.574590762
-0.002298423,1.603379031,24.20974726,-1.201292912,22.64801867,0.722892264,1.561428368
-0.003567847,-1.308121345,4.46373928,1.125175305,2.338870118,-11.54775927,10.54548438
0.00696961,13.04422282,22.33980395,-12.52908374,21.8596375,-3.605342016,1.583743082
0.005321702,1.253905308,24.20974726,-0.88438197,22.64801867,0.722892264,1.561428368
0.001267857,-1.307113077,4.46373928,1.118300205,2.338870118,-11.54775927,10.54548438
0.01770269,11.46807877,22.33980395,-11.00522127,21.8596375,-3.605342016,1.583743082
-0.018293608,1.425626745,21.83906127,-1.500761331,32.10289695,1.179365953,1.574590762
-0.011283048,1.166164724,21.83906127,-1.16439356,32.10289695,1.179365953,1.574590762
0.00181037,-0.57418431,36.46612284,0.141081843,1.131829133,1.303832428,7.444593863
0.009604386,0.093363244,4.599848934,-0.210915725,44.72868634,15.01396387,0.903234339
2.13E-05,-1.139760808,4.46373928,0.987203298,2.338870118,-11.54775927,10.54548438
0.021430606,5.390497753,22.33980395,-5.036338297,21.8596375,-3.605342016,1.583743082
-0.013232255,2.032655368,24.20974726,-1.594870604,22.64801867,0.722892264,1.561428368
0.003559379,1.48494014,24.20974726,-1.114078988,22.64801867,0.722892264,1.561428368
0.000293261,0.399997385,11.90742305,-0.527767644,35.25117226,3.679976821,0.799427639
0.001538016,1.186713419,21.83906127,-1.239246107,32.10289695,1.179365953,1.574590762
-0.001403384,1.580122132,24.20974726,-1.182652548,22.64801867,0.722892264,1.561428368
0.001437092,1.708966187,24.20974726,-1.315955889,22.64801867,0.722892264,1.561428368
-0.015266704,1.357238597,21.83906127,-1.432405834,32.10289695,1.179365953,1.574590762
-0.008548768,1.202833615,21.83906127,-1.241062425,32.10289695,1.179365953,1.574590762
-0.005864513,1.367670283,21.83906127,-1.487615594,32.10289695,1.179365953,1.574590762
0.00365892,0.932562691,21.83906127,-0.898213715,32.10289695,1.179365953,1.574590762
-0.000251461,0.942028345,21.83906127,-0.91285421,32.10289695,1.179365953,1.574590762
0.014613443,12.44524698,22.33980395,-11.97842943,21.8596375,-3.605342016,1.583743082
0.004984995,5.062006761,27.82410651,-5.868907421,35.76400819,-3.176982476,1.403557444
0.001344888,-0.938774242,4.46373928,0.827547239,2.338870118,-11.54775927,10.54548438
0.002816186,1.544618082,24.20974726,-1.169785852,22.64801867,0.722892264,1.561428368
-0.001182062,-0.995529924,4.46373928,0.872515054,2.338870118,-11.54775927,10.54548438
0.001497935,0.99489211,21.83906127,-0.974205246,32.10289695,1.179365953,1.574590762
0.014888797,0.084949842,4.599848934,-0.183186057,44.72868634,15.01396387,0.903234339
0.006568446,-0.575745247,4.46373928,0.529506145,2.338870118,-11.54775927,10.54548438
-0.00809203,-1.1164238,4.46373928,0.969388698,2.338870118,-11.54775927,10.54548438
0.000534141,1.490067547,24.20974726,-1.10077546,22.64801867,0.722892264,1.561428368
0.014764919,11.01482556,22.33980395,-10.54729528,21.8596375,-3.605342016,1.583743082
-0.001364812,1.268469794,21.83906127,-1.356428758,32.10289695,1.179365953,1.574590762
0.010589899,0.839301736,21.83906127,-0.803532235,32.10289695,1.179365953,1.574590762
0.003624207,-1.101215097,4.46373928,0.94961186,2.338870118,-11.54775927,10.54548438
-0.00126086,1.690978228,24.20974726,-1.286872911,22.64801867,0.722892264,1.561428368
-0.012984375,1.744400364,24.20974726,-1.30486876,22.64801867,0.722892264,1.561428368
0.010924526,1.555220468,24.20974726,-1.187431361,22.64801867,0.722892264,1.561428368
-0.001064215,-0.827919059,4.46373928,0.735311196,2.338870118,-11.54775927,10.54548438
0.005582934,-1.005505182,4.46373928,0.874506115,2.338870118,-11.54775927,10.54548438
0.005590094,1.084931932,21.83906127,-1.120146939,32.10289695,1.179365953,1.574590762
0.009297911,-0.775670778,4.46373928,0.68690015,2.338870118,-11.54775927,10.54548438
0.000892411,1.162981886,21.83906127,-1.214238755,32.10289695,1.179365953,1.574590762
0.002707732,-0.923338054,4.46373928,0.809013147,2.338870118,-11.54775927,10.54548438
-0.012674106,-0.7774095,36.46612284,0.18164445,1.131829133,1.303832428,7.444593863
0.005720814,1.450774594,24.20974726,-1.072212656,22.64801867,0.722892264,1.561428368
-0.00661656,1.857835274,24.20974726,-1.427822518,22.64801867,0.722892264,1.561428368
-0.000912542,0.327451522,11.90742305,-0.363000946,35.25117226,3.679976821,0.799427639
0.006179932,-1.022355746,4.46373928,0.889171653,2.338870118,-11.54775927,10.54548438
0.002862752,9.806217893,22.33980395,-9.340994678,21.8596375,-3.605342016,1.583743082
0.003090038,5.894810464,27.82410651,-6.897475829,35.76400819,-3.176982476,1.403557444
-0.011678814,1.286013555,21.83906127,-1.331261003,32.10289695,1.179365953,1.574590762
0.000716382,1.171570264,21.83906127,-1.226034653,32.10289695,1.179365953,1.574590762
-0.00355358,1.795423335,24.20974726,-1.37920773,22.64801867,0.722892264,1.561428368
-0.002781395,0.351876038,11.90742305,-0.404308722,35.25117226,3.679976821,0.799427639
-0.002402657,7.480271104,27.82410651,-8.862035731,35.76400819,-3.176982476,1.403557444
0.005402662,0.34379304,11.90742305,-0.408708186,35.25117226,3.679976821,0.799427639
0.002903107,-1.19712363,4.46373928,1.030061697,2.338870118,-11.54775927,10.54548438
0.001850124,6.890274631,27.82410651,-8.128228879,35.76400819,-3.176982476,1.403557444
-0.006436786,1.060554554,21.83906127,-1.045634656,32.10289695,1.179365953,1.574590762
0.0074358,11.99421876,22.33980395,-11.50749346,21.8596375,-3.605342016,1.583743082
0.001017425,1.059960319,21.83906127,-1.068905724,32.10289695,1.179365953,1.574590762
-0.006765097,1.73549994,24.20974726,-1.318447083,22.64801867,0.722892264,1.561428368
-0.00187456,1.827690664,24.20974726,-1.419048425,22.64801867,0.722892264,1.561428368
0.002712249,1.006239808,21.83906127,-1.008614022,32.10289695,1.179365953,1.574590762
0.007122141,0.847100068,21.83906127,-0.812974434,32.10289695,1.179365953,1.574590762
-0.003199429,1.309220252,21.83906127,-1.414919593,32.10289695,1.179365953,1.574590762
-0.003432538,1.17528525,21.83906127,-1.205098719,32.10289695,1.179365953,1.574590762
0.011964162,0.087249335,4.599848934,-0.260367379,44.72868634,15.01396387,0.903234339
0.000395464,1.118001974,21.83906127,-1.16824117,32.10289695,1.179365953,1.574590762
-0.004139513,1.11136008,21.83906127,-1.103384812,32.10289695,1.179365953,1.574590762
0.002689215,1.181613203,21.83906127,-1.246393473,32.10289695,1.179365953,1.574590762
0.01755284,0.741302851,21.83906127,-0.695856519,32.10289695,1.179365953,1.574590762
0.001724255,1.029210528,21.83906127,-1.01327751,32.10289695,1.179365953,1.574590762
-0.006030974,1.747084039,24.20974726,-1.337076608,22.64801867,0.722892264,1.561428368
-0.003528148,1.049272978,21.83906127,-1.050527296,32.10289695,1.179365953,1.574590762
-0.014424148,1.373932434,21.83906127,-1.461533972,32.10289695,1.179365953,1.574590762
-0.005079794,-1.183904447,4.46373928,1.024405525,2.338870118,-11.54775927,10.54548438
-0.016425289,1.286599777,21.83906127,-1.305536852,32.10289695,1.179365953,1.574590762
0.009466887,-0.795021163,4.46373928,0.700962945,2.338870118,-11.54775927,10.54548438
-0.005338352,1.246513513,21.83906127,-1.315714467,32.10289695,1.179365953,1.574590762
0.005890219,1.393814114,24.20974726,-1.01376133,22.64801867,0.722892264,1.561428368
0.005957343,1.336363531,24.20974726,-0.977284403,22.64801867,0.722892264,1.561428368
0.011043136,11.84750628,22.33980395,-11.35216929,21.8596375,-3.605342016,1.583743082
-0.015782135,7.738703319,27.82410651,-9.083685753,35.76400819,-3.176982476,1.403557444
0.002130321,1.16724129,21.83906127,-1.228600468,32.10289695,1.179365953,1.574590762
-0.002773748,1.242905662,21.83906127,-1.30937449,32.10289695,1.179365953,1.574590762
-0.009907241,1.217809185,21.83906127,-1.246755356,32.10289695,1.179365953,1.574590762
-0.003484563,-1.057370815,4.46373928,0.925966091,2.338870118,-11.54775927,10.54548438
0.00274767,1.540689571,24.20974726,-1.169308807,22.64801867,0.722892264,1.561428368
0.002237385,0.334414796,11.90742305,-0.382104925,35.25117226,3.679976821,0.799427639
0.01090634,1.333209361,24.20974726,-0.995925662,22.64801867,0.722892264,1.561428368
0.004917839,0.986732462,21.83906127,-0.978481226,32.10289695,1.179365953,1.574590762
0.000427326,-0.782846189,4.46373928,0.697733889,2.338870118,-11.54775927,10.54548438
-0.005010118,1.119765216,21.83906127,-1.124865206,32.10289695,1.179365953,1.574590762
-0.0029613,1.076146442,21.83906127,-1.074109094,32.10289695,1.179365953,1.574590762
0.003882927,0.987759904,21.83906127,-0.999324598,32.10289695,1.179365953,1.574590762
-0.008448453,7.232128913,27.82410651,-8.513004432,35.76400819,-3.176982476,1.403557444
0.005371138,1.3244618,24.20974726,-0.944980583,22.64801867,0.722892264,1.561428368
0.000801187,6.449065655,27.82410651,-7.564198353,35.76400819,-3.176982476,1.403557444
0.00174137,14.14477531,22.33980395,-13.59152468,21.8596375,-3.605342016,1.583743082
-0.013643709,1.311667825,21.83906127,-1.345198489,32.10289695,1.179365953,1.574590762
0.002905667,1.747983124,24.20974726,-1.364585839,22.64801867,0.722892264,1.561428368
0.001249737,0.940160031,21.83906127,-0.911148631,32.10289695,1.179365953,1.574590762
-0.008402647,1.785793386,24.20974726,-1.353695553,22.64801867,0.722892264,1.561428368
0.001819915,1.666785219,24.20974726,-1.28147651,22.64801867,0.722892264,1.561428368
0.001651979,1.107827665,21.83906127,-1.137979431,32.10289695,1.179365953,1.574590762
0.00758283,1.416078024,24.20974726,-1.052030189,22.64801867,0.722892264,1.561428368
-0.002498277,1.139036701,21.83906127,-1.176161306,32.10289695,1.179365953,1.574590762
-0.005379697,12.79546876,22.33980395,-12.24901037,21.8596375,-3.605342016,1.583743082
-0.005526554,0.398874701,11.90742305,-0.481519371,35.25117226,3.679976821,0.799427639
-0.010149549,6.867912761,27.82410651,-8.01502021,35.76400819,-3.176982476,1.403557444
0.005109184,-1.028945078,4.46373928,0.894204376,2.338870118,-11.54775927,10.54548438
-0.016505918,-1.607745538,4.46373928,1.370743047,2.338870118,-11.54775927,10.54548438
0.001775145,1.093970627,21.83906127,-1.132986103,32.10289695,1.179365953,1.574590762
-0.012317929,1.41913357,21.83906127,-1.52469679,32.10289695,1.179365953,1.574590762
-0.010062905,0.353856355,11.90742305,-0.372063083,35.25117226,3.679976821,0.799427639
-0.007517654,1.146061315,21.83906127,-1.168769889,32.10289695,1.179365953,1.574590762
0.000636713,1.63043764,24.20974726,-1.242813466,22.64801867,0.722892264,1.561428368
0.004823802,11.173701,22.33980395,-10.68866992,21.8596375,-3.605342016,1.583743082
0.009254616,1.282890331,24.20974726,-0.930720982,22.64801867,0.722892264,1.561428368
0.009393405,1.194005079,24.20974726,-0.850501119,22.64801867,0.722892264,1.561428368
0.007778602,0.994667669,21.83906127,-1.006555056,32.10289695,1.179365953,1.574590762
0.004896766,-0.839309173,4.46373928,0.741657845,2.338870118,-11.54775927,10.54548438
-0.008122267,1.330979754,21.83906127,-1.426050643,32.10289695,1.179365953,1.574590762
0.000919448,-1.045219946,4.46373928,0.911102645,2.338870118,-11.54775927,10.54548438
0.004856368,-0.882705743,4.46373928,0.779035526,2.338870118,-11.54775927,10.54548438
0.016065546,1.221540257,24.20974726,-0.891621174,22.64801867,0.722892264,1.561428368
-0.009123667,1.155600392,21.83906127,-1.163427241,32.10289695,1.179365953,1.574590762
-0.004639109,1.287584247,21.83906127,-1.378141356,32.10289695,1.179365953,1.574590762
0.009104698,0.933175214,21.83906127,-0.923181396,32.10289695,1.179365953,1.574590762
-0.00582293,1.740698638,24.20974726,-1.33354443,22.64801867,0.722892264,1.561428368
0.00163857,1.114203577,21.83906127,-1.15783153,32.10289695,1.179365953,1.574590762
-0.005806222,0.342427317,11.90742305,-0.355913803,35.25117226,3.679976821,0.799427639
0.013645917,-0.883982611,4.46373928,0.771325222,2.338870118,-11.54775927,10.54548438
0.002838699,14.35267283,22.33980395,-13.80272251,21.8596375,-3.605342016,1.583743082
-0.007546413,-1.147318704,4.46373928,0.997579641,2.338870118,-11.54775927,10.54548438
0.002447209,1.503375108,24.20974726,-1.111358718,22.64801867,0.722892264,1.561428368
0.01083866,11.94051492,22.33980395,-11.46704239,21.8596375,-3.605342016,1.583743082
0.015521526,11.48699768,22.33980395,-11.01859326,21.8596375,-3.605342016,1.583743082
0.002147765,12.00081813,22.33980395,-11.48579266,21.8596375,-3.605342016,1.583743082
0.004719593,1.435273597,24.20974726,-1.069626421,22.64801867,0.722892264,1.561428368
0.01143141,12.8093885,22.33980395,-12.32794697,21.8596375,-3.605342016,1.583743082
0.009887955,-0.792540407,4.46373928,0.70012207,2.338870118,-11.54775927,10.54548438
0.001642446,1.420835244,24.20974726,-1.041192163,22.64801867,0.722892264,1.561428368
0.002618079,1.474622116,24.20974726,-1.100600163,22.64801867,0.722892264,1.561428368
0.005931588,0.911345252,21.83906127,-0.871426671,32.10289695,1.179365953,1.574590762
0.009475856,11.47179492,22.33980395,-10.98340026,21.8596375,-3.605342016,1.583743082
